State,year,fed-rd-obligations-dollar-thous,individuals-se-occupations,fed-rd-obligations-by-indiv-se-
United States,2003,101366433.0,4961540.0,20430.43752544573
Alabama,2003,3211827.0,56380.0,56967.48847108904
Alaska,2003,399401.0,10600.0,37679.339622641506
Arizona,2003,2385404.0,92120.0,25894.52887537994
Arkansas,2003,145361.0,21340.0,6811.668228678538
California,2003,20169641.0,676180.0,29828.804460350795
Colorado,2003,1735047.0,124140.0,13976.53455775737
Connecticut,2003,2067969.0,81380.0,25411.2681248464
Delaware,2003,95399.0,17370.0,5492.17040875072
District of Columbia,2003,2985543.0,54890.0,54391.38276553106
Florida,2003,2854088.0,221070.0,12910.33609264034
Georgia,2003,2133046.0,144170.0,14795.352708607894
Hawaii,2003,413945.0,16090.0,25726.848974518332
Idaho,2003,217820.0,22150.0,9833.860045146726
Illinois,2003,1934661.0,211230.0,9159.02570657577
Indiana,2003,573693.0,78410.0,7316.579517918633
Iowa,2003,499484.0,37320.0,13383.815648445874
Kansas,2003,268669.0,51970.0,5169.694054262075
Kentucky,2003,246664.0,45230.0,5453.5485297369005
Louisiana,2003,453420.0,41900.0,10821.479713603818
Maine,2003,166733.0,15020.0,11100.732356857523
Maryland,2003,8027300.0,149250.0,53784.25460636516
Massachusetts,2003,5491660.0,184690.0,29734.473983431693
Michigan,2003,1693104.0,182940.0,9254.96884224336
Minnesota,2003,866231.0,117120.0,7396.098019125683
Mississippi,2003,1181001.0,22190.0,53222.217214961696
Missouri,2003,1349450.0,84150.0,16036.244800950684
Montana,2003,131213.0,11450.0,11459.650655021835
Nebraska,2003,167955.0,30710.0,5469.065450993162
Nevada,2003,418931.0,22330.0,18760.90461262875
New Hampshire,2003,511948.0,23430.0,21850.106700810928
New Jersey,2003,2087600.0,161420.0,12932.722091438483
New Mexico,2003,3090089.0,33600.0,91966.93452380953
New York,2003,4382460.0,272440.0,16085.96388195566
North Carolina,2003,1617325.0,132440.0,12211.756266988825
North Dakota,2003,107257.0,8430.0,12723.250296559905
Ohio,2003,2967071.0,177100.0,16753.647656691137
Oklahoma,2003,570249.0,44360.0,12855.027051397656
Oregon,2003,514212.0,61230.0,8398.040176384126
Pennsylvania,2003,3989278.0,185560.0,21498.588057771074
Rhode Island,2003,565592.0,18740.0,30181.00320170758
South Carolina,2003,454018.0,48740.0,9315.100533442757
South Dakota,2003,54788.0,9150.0,5987.75956284153
Tennessee,2003,1130563.0,63680.0,17753.81595477387
Texas,2003,5414373.0,365270.0,14822.933720261724
Utah,2003,803382.0,45570.0,17629.624753127056
Vermont,2003,201149.0,11420.0,17613.74781085814
Virginia,2003,6709197.0,209280.0,32058.471903669728
Washington,2003,2442177.0,150230.0,16256.253744258804
West Virginia,2003,383400.0,16220.0,23637.484586929717
Wisconsin,2003,658448.0,93320.0,7055.80797256751
Wyoming,2003,42979.0,6130.0,7011.256117455138
Puerto Rico,2003,112225.0,19940.0,5628.1344032096285
United States,2004,109732927.0,5174260.0,21207.462902907857
Alabama,2004,3035516.0,59880.0,50693.31997327989
Alaska,2004,461308.0,10870.0,42438.63845446183
Arizona,2004,2643735.0,98400.0,26867.225609756097
Arkansas,2004,146682.0,24170.0,6068.762929251137
California,2004,19259424.0,703250.0,27386.31212228937
Colorado,2004,2068038.0,125510.0,16477.07752370329
Connecticut,2004,2122540.0,83840.0,25316.55534351145
Delaware,2004,89747.0,18420.0,4872.258414766558
District of Columbia,2004,3329397.0,61460.0,54171.77025707778
Florida,2004,3265014.0,235170.0,13883.633116468938
Georgia,2004,1906523.0,139230.0,13693.334769805357
Hawaii,2004,488209.0,17630.0,27691.94554736245
Idaho,2004,288538.0,23050.0,12517.917570498914
Illinois,2004,1880072.0,219040.0,8583.235938641345
Indiana,2004,556743.0,80950.0,6877.615812229771
Iowa,2004,538270.0,40060.0,13436.595107338992
Kansas,2004,287446.0,52650.0,5459.563152896486
Kentucky,2004,251763.0,43740.0,5755.898491083676
Louisiana,2004,446722.0,42520.0,10506.161806208842
Maine,2004,210258.0,14980.0,14035.914552736984
Maryland,2004,12608595.0,158350.0,79624.85001578782
Massachusetts,2004,5963595.0,190960.0,31229.55069124424
Michigan,2004,1117762.0,188580.0,5927.256336833175
Minnesota,2004,831259.0,118590.0,7009.52019563201
Mississippi,2004,1598715.0,22970.0,69600.13060513714
Missouri,2004,3058821.0,91820.0,33313.23241123938
Montana,2004,188774.0,11640.0,16217.697594501718
Nebraska,2004,210458.0,31760.0,6626.511335012594
Nevada,2004,554983.0,24440.0,22707.978723404256
New Hampshire,2004,422144.0,25620.0,16477.127244340358
New Jersey,2004,2273723.0,171990.0,13220.088377231235
New Mexico,2004,3363175.0,32000.0,105099.21875
New York,2004,4505321.0,283150.0,15911.42857142857
North Carolina,2004,1683581.0,136430.0,12340.25507586308
North Dakota,2004,108573.0,8460.0,12833.687943262412
Ohio,2004,2794181.0,181180.0,15422.127166353903
Oklahoma,2004,498478.0,46320.0,10761.614853195164
Oregon,2004,504810.0,64820.0,7787.874112928109
Pennsylvania,2004,3731084.0,195510.0,19083.85248836377
Rhode Island,2004,642064.0,19330.0,33215.93378168649
South Carolina,2004,384307.0,50840.0,7559.146341463415
South Dakota,2004,70036.0,9530.0,7349.00314795383
Tennessee,2004,1381987.0,65730.0,21025.209189106954
Texas,2004,5506721.0,384600.0,14318.047321892875
Utah,2004,1183694.0,45250.0,26158.983425414364
Vermont,2004,417091.0,12510.0,33340.607513988805
Virginia,2004,7298269.0,233590.0,31243.92739415215
Washington,2004,2311260.0,156780.0,14742.058936088786
West Virginia,2004,315693.0,15990.0,19743.151969981238
Wisconsin,2004,645875.0,93760.0,6888.598549488054
Wyoming,2004,47596.0,6960.0,6838.505747126437
Puerto Rico,2004,100904.0,20600.0,4898.252427184466
United States,2005,116585521.0,5233520.0,22276.693506473657
Alabama,2005,3108183.0,62790.0,49501.242236024846
Alaska,2005,495147.0,11230.0,44091.45146927872
Arizona,2005,2958775.0,96410.0,30689.503163572244
Arkansas,2005,164975.0,24660.0,6689.983779399838
California,2005,19964268.0,716530.0,27862.43144041422
Colorado,2005,2264933.0,126110.0,17959.979383078266
Connecticut,2005,2399563.0,83930.0,28590.0512331705
Delaware,2005,94151.0,18010.0,5227.7068295391455
District of Columbia,2005,4161778.0,63410.0,65632.83393786469
Florida,2005,2590033.0,241000.0,10747.02489626556
Georgia,2005,2181847.0,137580.0,15858.751271987208
Hawaii,2005,600260.0,17460.0,34379.15234822452
Idaho,2005,290256.0,23880.0,12154.773869346735
Illinois,2005,2127824.0,221630.0,9600.794116319992
Indiana,2005,566818.0,79910.0,7093.204855462395
Iowa,2005,487663.0,40300.0,12100.818858560795
Kansas,2005,357797.0,51630.0,6930.021305442572
Kentucky,2005,296308.0,44530.0,6654.120817426455
Louisiana,2005,443708.0,41030.0,10814.233487691932
Maine,2005,292125.0,15500.0,18846.774193548386
Maryland,2005,12500835.0,160120.0,78071.66500124906
Massachusetts,2005,6591926.0,193180.0,34123.23221865618
Michigan,2005,1177007.0,192150.0,6125.459276606818
Minnesota,2005,768269.0,120930.0,6353.005871165137
Mississippi,2005,438243.0,23480.0,18664.522998296423
Missouri,2005,4201656.0,92260.0,45541.46975937568
Montana,2005,182053.0,11940.0,15247.319932998325
Nebraska,2005,193069.0,31530.0,6123.342848081193
Nevada,2005,593264.0,24400.0,24314.09836065574
New Hampshire,2005,513830.0,26840.0,19144.187779433683
New Jersey,2005,2524843.0,174270.0,14488.110403397026
New Mexico,2005,3593366.0,32530.0,110463.14171533969
New York,2005,5320079.0,289010.0,18407.940901698905
North Carolina,2005,1806115.0,134290.0,13449.363318191972
North Dakota,2005,117921.0,9070.0,13001.212789415655
Ohio,2005,2961450.0,180900.0,16370.646766169155
Oklahoma,2005,400746.0,46370.0,8642.354970886348
Oregon,2005,650069.0,62030.0,10479.912945349024
Pennsylvania,2005,3677377.0,204270.0,18002.5309639203
Rhode Island,2005,888779.0,18080.0,49158.13053097345
South Carolina,2005,492735.0,50460.0,9764.863258026158
South Dakota,2005,69982.0,9460.0,7397.674418604651
Tennessee,2005,1425989.0,66390.0,21478.972736857962
Texas,2005,5187008.0,389550.0,13315.38441791811
Utah,2005,1058179.0,45110.0,23457.747727776547
Vermont,2005,262601.0,12770.0,20563.89976507439
Virginia,2005,8746472.0,236650.0,36959.52672723431
Washington,2005,2641154.0,160960.0,16408.759940357853
West Virginia,2005,807540.0,16040.0,50345.386533665835
Wisconsin,2005,651821.0,93590.0,6964.643658510525
Wyoming,2005,37538.0,7350.0,5107.210884353742
Puerto Rico,2005,101433.0,20950.0,4841.670644391408
United States,2006,119302170.0,5407710.0,22061.495531380195
Alabama,2006,2198241.0,66100.0,33256.293494704994
Alaska,2006,212144.0,10720.0,19789.552238805973
Arizona,2006,2459645.0,98110.0,25070.27825909693
Arkansas,2006,161824.0,24860.0,6509.412711182622
California,2006,26897630.0,,
Colorado,2006,2188732.0,133730.0,16366.798773648394
Connecticut,2006,1946644.0,79380.0,24523.10405643739
Delaware,2006,112658.0,21550.0,5227.749419953597
District of Columbia,2006,4193242.0,64120.0,65396.787273861504
Florida,2006,3346486.0,246190.0,13593.102888013324
Georgia,2006,1750782.0,136470.0,12829.061332160914
Hawaii,2006,380297.0,18940.0,20079.039070749735
Idaho,2006,300045.0,,
Illinois,2006,2003465.0,222470.0,9005.551310289027
Indiana,2006,583214.0,80110.0,7280.164773436525
Iowa,2006,548687.0,43670.0,12564.392031142661
Kansas,2006,294492.0,48620.0,6057.013574660633
Kentucky,2006,240041.0,44680.0,5372.448522829006
Louisiana,2006,322644.0,40180.0,8029.965156794426
Maine,2006,229196.0,15950.0,14369.655172413793
Maryland,2006,12746621.0,159470.0,79931.1531949583
Massachusetts,2006,6875787.0,198670.0,34609.0854180299
Michigan,2006,1700258.0,208520.0,8153.932476501055
Minnesota,2006,1241556.0,125930.0,9859.096323354244
Mississippi,2006,554898.0,24910.0,22276.114010437574
Missouri,2006,1315557.0,96420.0,13644.026135656502
Montana,2006,151336.0,13010.0,11632.28285933897
Nebraska,2006,178121.0,32500.0,5480.6461538461535
Nevada,2006,436217.0,26930.0,16198.180467879687
New Hampshire,2006,400408.0,27680.0,14465.606936416185
New Jersey,2006,2172700.0,176460.0,12312.705428992405
New Mexico,2006,3315034.0,30800.0,107630.97402597402
New York,2006,5368152.0,306810.0,17496.665688862817
North Carolina,2006,1771359.0,138790.0,12762.871964838965
North Dakota,2006,117851.0,9360.0,12590.918803418805
Ohio,2006,2723931.0,185190.0,14708.84497003078
Oklahoma,2006,271137.0,50770.0,5340.4963561158165
Oregon,2006,510101.0,64520.0,7906.091134531928
Pennsylvania,2006,3299694.0,214910.0,15353.841142803965
Rhode Island,2006,622502.0,18060.0,34468.54928017718
South Carolina,2006,373812.0,53230.0,7022.58125117415
South Dakota,2006,75926.0,10120.0,7502.569169960474
Tennessee,2006,1489072.0,67040.0,22211.694510739857
Texas,2006,5914690.0,408710.0,14471.60578405226
Utah,2006,845844.0,49690.0,17022.418997786273
Vermont,2006,105544.0,12780.0,8258.528951486698
Virginia,2006,8994337.0,251720.0,35731.51517559193
Washington,2006,4087134.0,171780.0,23792.83967865875
West Virginia,2006,301416.0,17150.0,17575.27696793003
Wisconsin,2006,635675.0,96860.0,6562.822630600867
Wyoming,2006,36169.0,7640.0,4734.162303664922
Puerto Rico,2006,98790.0,23850.0,4142.138364779874
United States,2007,124900312.0,5591990.0,22335.5749920869
Alabama,2007,2247589.0,69650.0,32269.763101220386
Alaska,2007,263999.0,11990.0,22018.265221017515
Arizona,2007,2422351.0,102380.0,23660.392654815394
Arkansas,2007,177694.0,28460.0,6243.640196767393
California,2007,26987180.0,753570.0,35812.439454861524
Colorado,2007,2797532.0,138990.0,20127.577523562846
Connecticut,2007,2116827.0,80280.0,26368.04932735426
Delaware,2007,130615.0,22140.0,5899.503161698283
District of Columbia,2007,4277707.0,63150.0,67738.8281868567
Florida,2007,4078193.0,244140.0,16704.321291062504
Georgia,2007,1686209.0,136880.0,12318.885154880187
Hawaii,2007,379219.0,18740.0,20235.80576307364
Idaho,2007,287474.0,24330.0,11815.61857788738
Illinois,2007,2145050.0,225180.0,9525.93480770939
Indiana,2007,596645.0,83080.0,7181.571978815599
Iowa,2007,662401.0,45430.0,14580.695575610831
Kansas,2007,317801.0,50040.0,6350.939248601118
Kentucky,2007,222172.0,49030.0,4531.348154191312
Louisiana,2007,419401.0,38450.0,10907.698309492847
Maine,2007,378810.0,15960.0,23734.962406015035
Maryland,2007,11905814.0,162540.0,73248.51728805217
Massachusetts,2007,7528907.0,205610.0,36617.41646807062
Michigan,2007,1726084.0,212040.0,8140.3697415581955
Minnesota,2007,1386789.0,129840.0,10680.753234750462
Mississippi,2007,433902.0,25520.0,17002.42946708464
Missouri,2007,1220627.0,102170.0,11947.019673093862
Montana,2007,653627.0,13240.0,49367.59818731118
Nebraska,2007,230075.0,31420.0,7322.565245066836
Nevada,2007,321050.0,26920.0,11926.077265973254
New Hampshire,2007,339923.0,28450.0,11948.084358523725
New Jersey,2007,2191960.0,186120.0,11777.13303245218
New Mexico,2007,3478018.0,33440.0,104007.71531100478
New York,2007,5367562.0,322520.0,16642.57100334863
North Carolina,2007,1828443.0,142970.0,12788.997691823459
North Dakota,2007,115779.0,9660.0,11985.403726708075
Ohio,2007,3660876.0,196390.0,18640.84729365039
Oklahoma,2007,253227.0,51430.0,4923.721563289909
Oregon,2007,506417.0,67890.0,7459.375460303432
Pennsylvania,2007,3359930.0,218890.0,15349.856092101054
Rhode Island,2007,627776.0,18400.0,34118.260869565216
South Carolina,2007,421688.0,54120.0,7791.7220990391725
South Dakota,2007,61925.0,11550.0,5361.471861471861
Tennessee,2007,1907931.0,70820.0,26940.567636260945
Texas,2007,6692848.0,441410.0,15162.429487324709
Utah,2007,991251.0,51340.0,19307.576938059992
Vermont,2007,108366.0,12760.0,8492.633228840125
Virginia,2007,9088208.0,254710.0,35680.6093204036
Washington,2007,4751106.0,183900.0,25835.2691680261
West Virginia,2007,219100.0,16560.0,13230.676328502415
Wisconsin,2007,671413.0,99380.0,6756.017307305293
Wyoming,2007,36583.0,8110.0,4510.850801479654
Puerto Rico,2007,85850.0,23630.0,3633.093525179856
United States,2008,125091757.0,5781460.0,21636.707163934367
Alabama,2008,2782192.8,68580.0,40568.573928258964
Alaska,2008,222163.3,13260.0,16754.396681749622
Arizona,2008,2449175.7,102100.0,23988.00881488737
Arkansas,2008,145264.6,29310.0,4956.144660525419
California,2008,19938653.1,791750.0,25183.016229870544
Colorado,2008,2668121.2,147000.0,18150.484353741496
Connecticut,2008,1815401.1,80290.0,22610.550504421473
Delaware,2008,144313.8,22330.0,6462.776533811016
District of Columbia,2008,17537243.7,63360.0,276787.3058712121
Florida,2008,2290401.4,248200.0,9228.047542304592
Georgia,2008,1386020.6,147380.0,9404.40086850319
Hawaii,2008,347753.2,18830.0,18468.040361125863
Idaho,2008,355408.2,23310.0,15247.027027027027
Illinois,2008,2168529.6,224370.0,9664.97125284129
Indiana,2008,672028.7,90840.0,7397.938132981065
Iowa,2008,634853.3,46180.0,13747.364660025987
Kansas,2008,300405.6,54260.0,5536.409878363435
Kentucky,2008,252464.3,,
Louisiana,2008,406130.5,41790.0,9718.365637712372
Maine,2008,168008.8,17000.0,9882.870588235293
Maryland,2008,13312685.3,167070.0,79683.27826659485
Massachusetts,2008,6883096.4,217310.0,31674.089549491513
Michigan,2008,1866491.4,204290.0,9136.479514415782
Minnesota,2008,1393036.7,134440.0,10361.772537935138
Mississippi,2008,435207.0,27270.0,15959.185918591858
Missouri,2008,1111284.6,105390.0,10544.4975804156
Montana,2008,159461.0,,
Nebraska,2008,204579.1,31820.0,6429.261470773099
Nevada,2008,312624.4,27300.0,11451.443223443224
New Hampshire,2008,294312.1,29150.0,10096.46998284734
New Jersey,2008,2192726.3,198060.0,11071.020397859234
New Mexico,2008,3502888.0,34560.0,101356.71296296296
New York,2008,4651186.5,326510.0,14245.15788184129
North Carolina,2008,1772566.5,153680.0,11534.13912024987
North Dakota,2008,98325.6,9450.0,10404.825396825398
Ohio,2008,2580353.0,206320.0,12506.557774331137
Oklahoma,2008,260753.1,48900.0,5332.374233128834
Oregon,2008,581073.5,70070.0,8292.757242757243
Pennsylvania,2008,3279378.2,227170.0,14435.789056653608
Rhode Island,2008,643721.3,18090.0,35584.372581536765
South Carolina,2008,453003.0,57770.0,7841.492123939761
South Dakota,2008,76379.4,11870.0,6434.658803706823
Tennessee,2008,1689924.8,72760.0,23226.014293567896
Texas,2008,5029587.8,463850.0,10843.134202867306
Utah,2008,699928.5,52570.0,13314.219136389576
Vermont,2008,120984.7,12360.0,9788.406148867314
Virginia,2008,9282197.3,259280.0,35799.89702252392
Washington,2008,4339544.3,,
West Virginia,2008,224575.3,17000.0,13210.311764705883
Wisconsin,2008,660914.6,101680.0,6499.946892210857
Wyoming,2008,47357.5,8850.0,5351.129943502825
Puerto Rico,2008,84929.4,22970.0,3697.405311275577
United States,2009,138975460.8,5785710.0,24020.467807753936
Alabama,2009,3023300.9,68670.0,44026.51667394787
Alaska,2009,247310.0,14780.0,16732.74695534506
Arizona,2009,3141545.2,102820.0,30553.83388445828
Arkansas,2009,171160.4,31420.0,5447.498408656906
California,2009,26988821.2,795240.0,33937.95734620995
Colorado,2009,3862299.3,148090.0,26080.75697211155
Connecticut,2009,2364525.5,79160.0,29870.205912076806
Delaware,2009,225170.3,22200.0,10142.806306306305
District of Columbia,2009,4265482.9,61430.0,69436.47891909491
Florida,2009,3734399.5,247070.0,15114.74278544542
Georgia,2009,1957569.7,,
Hawaii,2009,387488.1,19020.0,20372.665615141956
Idaho,2009,387977.6,23520.0,16495.6462585034
Illinois,2009,2745521.3,221170.0,12413.624361350996
Indiana,2009,1109217.5,90750.0,12222.782369146005
Iowa,2009,683221.6,47080.0,14511.928632115547
Kansas,2009,464230.1,56200.0,8260.32206405694
Kentucky,2009,319129.0,51200.0,6232.98828125
Louisiana,2009,405552.5,43630.0,9295.267018106808
Maine,2009,194231.0,17910.0,10844.835287548856
Maryland,2009,15970508.4,169540.0,94199.05862923204
Massachusetts,2009,9047013.4,217690.0,41559.15935504617
Michigan,2009,2427422.1,187760.0,12928.323924158502
Minnesota,2009,1550573.4,134060.0,11566.26435924213
Mississippi,2009,384646.5,25940.0,14828.31534309946
Missouri,2009,1284600.4,104310.0,12315.218099894544
Montana,2009,171493.7,14210.0,12068.522167487685
Nebraska,2009,220220.6,31790.0,6927.354513998112
Nevada,2009,558210.3,27560.0,20254.365021770685
New Hampshire,2009,458369.4,30550.0,15003.908346972177
New Jersey,2009,2492168.0,195690.0,12735.28540037815
New Mexico,2009,3695552.8,36950.0,100014.96075778079
New York,2009,6242013.3,315480.0,19785.765500190188
North Carolina,2009,2021756.8,158920.0,12721.852504404731
North Dakota,2009,101154.9,9930.0,10186.79758308157
Ohio,2009,4459527.0,207930.0,21447.25147886308
Oklahoma,2009,369962.0,45730.0,8090.137765143233
Oregon,2009,635230.0,69630.0,9122.935516300446
Pennsylvania,2009,4297551.9,,
Rhode Island,2009,679452.7,18120.0,37497.389624724055
South Carolina,2009,661613.7,57370.0,11532.398466097262
South Dakota,2009,79312.6,11570.0,6855.021607605878
Tennessee,2009,2081441.6,68970.0,30178.941568798033
Texas,2009,6031095.4,470010.0,12831.844854364801
Utah,2009,1168540.2,51270.0,22791.889994148623
Vermont,2009,151369.3,12780.0,11844.233176838809
Virginia,2009,9381330.9,264090.0,35523.23412473021
Washington,2009,4156708.8,196850.0,21116.122936245873
West Virginia,2009,262616.5,16350.0,16062.17125382263
Wisconsin,2009,885729.1,100850.0,8782.638572136837
Wyoming,2009,65152.0,8920.0,7304.035874439462
Puerto Rico,2009,96101.1,22760.0,4222.368189806678
United States,2010,138156479.8,5549980.0,24893.149128465328
Alabama,2010,3476887.4,68450.0,50794.556610664724
Alaska,2010,235562.4,15430.0,15266.519766688269
Arizona,2010,3425570.8,102870.0,33299.998055798584
Arkansas,2010,181782.7,29200.0,6225.434931506849
California,2010,27226903.1,758830.0,35880.10898356681
Colorado,2010,4348332.5,143210.0,30363.330074715454
Connecticut,2010,2193458.5,74990.0,29250.013335111347
Delaware,2010,129091.3,20920.0,6170.71223709369
District of Columbia,2010,3890121.4,59870.0,64976.13829964924
Florida,2010,3142237.2,239600.0,13114.512520868115
Georgia,2010,1519953.6,145220.0,10466.558325299546
Hawaii,2010,389446.7,19500.0,19971.625641025643
Idaho,2010,478994.6,24130.0,19850.58433485288
Illinois,2010,2631274.2,197120.0,13348.590706168832
Indiana,2010,988687.7,90710.0,10899.434461470619
Iowa,2010,909096.3,44140.0,20595.747621205257
Kansas,2010,347528.5,48970.0,7096.763324484378
Kentucky,2010,287437.3,48790.0,5891.315843410534
Louisiana,2010,330803.4,44200.0,7484.239819004525
Maine,2010,163103.2,17470.0,9336.187750429308
Maryland,2010,15879006.4,166700.0,95254.9874025195
Massachusetts,2010,8747479.4,208160.0,42022.86414296695
Michigan,2010,2509681.3,176570.0,14213.52041683185
Minnesota,2010,1062555.8,125100.0,8493.651478816946
Mississippi,2010,421612.7,23770.0,17737.177114009257
Missouri,2010,1151046.2,102300.0,11251.673509286413
Montana,2010,139222.1,14620.0,9522.715458276334
Nebraska,2010,239814.4,30930.0,7753.456191399935
Nevada,2010,379814.1,26840.0,14151.04694485842
New Hampshire,2010,350470.6,29200.0,12002.417808219177
New Jersey,2010,2852961.6,185360.0,15391.4630988347
New Mexico,2010,3337955.4,36130.0,92387.36230279545
New York,2010,5602221.5,,
North Carolina,2010,2151161.4,155030.0,13875.775011288137
North Dakota,2010,119582.3,11050.0,10821.927601809955
Ohio,2010,4098787.4,195840.0,20929.26572712418
Oklahoma,2010,429597.2,44190.0,9721.593120615524
Oregon,2010,675292.2,,
Pennsylvania,2010,4963404.2,,
Rhode Island,2010,669845.6,18210.0,36784.49203734212
South Carolina,2010,662205.7,56230.0,11776.733060643783
South Dakota,2010,74962.3,11150.0,6723.076233183857
Tennessee,2010,2104843.0,71850.0,29294.961725817677
Texas,2010,6896125.3,451390.0,15277.532289151288
Utah,2010,1708887.0,50830.0,33619.65374778674
Vermont,2010,142251.3,12670.0,11227.411207576954
Virginia,2010,9111678.3,255800.0,35620.32173573104
Washington,2010,3915467.3,186210.0,21027.15912142205
West Virginia,2010,312779.0,17070.0,18323.315758640892
Wisconsin,2010,795572.8,99240.0,8016.654574768239
Wyoming,2010,36719.8,8260.0,4445.496368038741
Puerto Rico,2010,94794.8,20850.0,4546.513189448441
United States,2011,132793597.8,5794980.0,22915.281467753124
Alabama,2011,5202092.0,70290.0,74008.99132166737
Alaska,2011,196454.5,15680.0,12528.985969387755
Arizona,2011,2917047.9,115330.0,25293.053845486862
Arkansas,2011,178642.3,29350.0,6086.62010221465
California,2011,22768910.9,800430.0,28445.848981172618
Colorado,2011,3815538.7,144750.0,26359.507426597585
Connecticut,2011,2425967.6,76550.0,31691.281515349445
Delaware,2011,114728.2,22430.0,5114.944271065538
District of Columbia,2011,3013539.4,62660.0,48093.511011809765
Florida,2011,2481826.6,244970.0,10131.14503816794
Georgia,2011,1421811.7,147820.0,9618.534027871736
Hawaii,2011,403573.6,20100.0,20078.28855721393
Idaho,2011,430211.7,25950.0,16578.48554913295
Illinois,2011,2878085.3,204420.0,14079.274532824575
Indiana,2011,903000.0,93640.0,9643.314822725331
Iowa,2011,695338.5,48930.0,14210.882893930106
Kansas,2011,367779.8,51530.0,7137.197748884146
Kentucky,2011,241959.2,51990.0,4653.956530101943
Louisiana,2011,597294.0,42760.0,13968.521983161834
Maine,2011,179968.8,17490.0,10289.811320754716
Maryland,2011,15750592.7,173020.0,91033.36435094208
Massachusetts,2011,7758388.4,220670.0,35158.32872615218
Michigan,2011,2153449.0,188380.0,11431.409916126977
Minnesota,2011,949293.0,130340.0,7283.205462636182
Mississippi,2011,588082.5,23440.0,25088.84385665529
Missouri,2011,1193265.6,106930.0,11159.315440007482
Montana,2011,181657.3,14960.0,12142.867647058823
Nebraska,2011,262173.0,33800.0,7756.597633136095
Nevada,2011,478098.5,28370.0,16852.255904124075
New Hampshire,2011,406011.8,29260.0,13876.001367053997
New Jersey,2011,2582709.2,182210.0,14174.354865265354
New Mexico,2011,3456208.0,35520.0,97303.15315315315
New York,2011,5042119.6,310510.0,16238.18749798718
North Carolina,2011,2060306.3,161880.0,12727.367803311095
North Dakota,2011,117702.5,12070.0,9751.6570008285
Ohio,2011,3554656.3,208140.0,17078.198808494282
Oklahoma,2011,462535.7,47090.0,9822.376300700786
Oregon,2011,711080.7,,
Pennsylvania,2011,4512982.4,,
Rhode Island,2011,610133.1,19450.0,31369.311053984573
South Carolina,2011,496684.2,61020.0,8139.695181907571
South Dakota,2011,61087.0,11790.0,5181.255301102629
Tennessee,2011,1898594.7,77630.0,24456.97153162437
Texas,2011,5475367.0,469080.0,11672.565447258463
Utah,2011,1756403.3,51350.0,34204.54333008764
Vermont,2011,124444.4,13100.0,9499.57251908397
Virginia,2011,8287062.9,267620.0,30965.78320005979
Washington,2011,4931381.2,196760.0,25062.925391339704
West Virginia,2011,239806.5,18300.0,13104.180327868853
Wisconsin,2011,742243.1,102320.0,7254.1350664581705
Wyoming,2011,37192.8,8440.0,4406.729857819905
Puerto Rico,2011,97350.8,20990.0,4637.960933777989
United States,2012,135995440.6,5968240.0,22786.523430693134
Alabama,2012,5159117.2,72880.0,70789.2041712404
Alaska,2012,159055.9,16260.0,9782.035670356703
Arizona,2012,2405217.2,116930.0,20569.71863508082
Arkansas,2012,183826.6,29530.0,6225.079580088046
California,2012,18036282.2,821780.0,21947.82326170021
Colorado,2012,3744745.1,149020.0,25129.144410146288
Connecticut,2012,2231082.3,78450.0,28439.544933078392
Delaware,2012,108745.5,23440.0,4639.313139931741
District of Columbia,2012,3339296.3,63600.0,52504.658805031446
Florida,2012,2355838.5,248300.0,9487.87152637938
Georgia,2012,1133313.9,148830.0,7614.821608546664
Hawaii,2012,382507.5,20930.0,18275.561395126613
Idaho,2012,446936.4,25260.0,17693.444180522565
Illinois,2012,2399463.2,220170.0,10898.229549893265
Indiana,2012,838297.1,94620.0,8859.618473895582
Iowa,2012,613268.5,50950.0,12036.673209028459
Kansas,2012,231602.4,50930.0,4547.465148242685
Kentucky,2012,308087.2,51830.0,5944.18676442215
Louisiana,2012,313773.9,45920.0,6833.05531358885
Maine,2012,247753.3,17910.0,13833.23841429369
Maryland,2012,15597817.8,179550.0,86871.72263993317
Massachusetts,2012,6279277.9,229160.0,27401.282510036657
Michigan,2012,2206422.4,198610.0,11109.321786415589
Minnesota,2012,961092.2,131690.0,7298.14108892095
Mississippi,2012,542610.4,23640.0,22953.062605752963
Missouri,2012,1122802.9,109650.0,10239.880528955768
Montana,2012,190191.2,15360.0,12382.239583333334
Nebraska,2012,261912.2,34720.0,7543.554147465438
Nevada,2012,481733.8,27000.0,17841.992592592593
New Hampshire,2012,490720.9,28950.0,16950.635578583766
New Jersey,2012,2166953.3,181480.0,11940.452391448092
New Mexico,2012,3378590.5,35310.0,95683.67318040215
New York,2012,4727246.9,321480.0,14704.637613537392
North Carolina,2012,1922260.1,167900.0,11448.839189994045
North Dakota,2012,88065.3,13120.0,6712.294207317073
Ohio,2012,3436330.7,,
Oklahoma,2012,449812.6,50420.0,8921.312971043235
Oregon,2012,632076.1,75780.0,8340.935603061494
Pennsylvania,2012,3724885.5,,
Rhode Island,2012,557413.0,20180.0,27622.051536174433
South Carolina,2012,555366.8,63170.0,8791.622605667248
South Dakota,2012,63168.0,12000.0,5264.0
Tennessee,2012,2111930.8,79830.0,26455.352624326693
Texas,2012,5619672.8,493980.0,11376.316450058706
Utah,2012,972325.4,54720.0,17769.104532163743
Vermont,2012,103372.1,12870.0,8032.020202020202
Virginia,2012,8129998.8,274280.0,29641.23815079481
Washington,2012,2757413.7,,
West Virginia,2012,263276.0,19900.0,13229.949748743718
Wisconsin,2012,734287.6,103030.0,7126.930020382413
Wyoming,2012,75588.9,8710.0,8678.404133180251
Puerto Rico,2012,71336.2,21750.0,3279.8252873563215
United States,2013,122985239.6,6139220.0,20032.71418844739
Alabama,2013,4716401.1,76650.0,61531.651663405086
Alaska,2013,185467.5,15210.0,12193.78698224852
Arizona,2013,2369256.1,123410.0,19198.250546957297
Arkansas,2013,167347.8,30660.0,5458.180039138943
California,2013,16180809.6,849510.0,19047.226754246567
Colorado,2013,3394037.0,154020.0,22036.339436436825
Connecticut,2013,2516607.6,78850.0,31916.393151553584
Delaware,2013,112267.8,22030.0,5096.132546527462
District of Columbia,2013,3908128.4,65300.0,59848.8269525268
Florida,2013,2282028.9,250330.0,9116.082371269924
Georgia,2013,1129956.4,160820.0,7026.218132073125
Hawaii,2013,347960.8,21140.0,16459.829706717122
Idaho,2013,380813.6,25850.0,14731.667311411991
Illinois,2013,2327485.7,226850.0,10260.02071853648
Indiana,2013,692598.2,100870.0,6866.245662734212
Iowa,2013,560471.1,52440.0,10687.854691075514
Kansas,2013,234253.7,51240.0,4571.69594067135
Kentucky,2013,306846.3,53920.0,5690.769658753708
Louisiana,2013,277975.5,46750.0,5946.0
Maine,2013,169886.8,18840.0,9017.346072186836
Maryland,2013,15605883.1,186780.0,83552.21704679301
Massachusetts,2013,5690762.6,227780.0,24983.59206251646
Michigan,2013,1826142.8,207800.0,8787.982675649664
Minnesota,2013,939742.0,133580.0,7035.050157209163
Mississippi,2013,567723.4,24320.0,23343.88980263158
Missouri,2013,1056304.9,105730.0,9990.588290929725
Montana,2013,134505.2,15570.0,8638.74116891458
Nebraska,2013,200522.5,36480.0,5496.779057017544
Nevada,2013,584581.6,26850.0,21772.126629422717
New Hampshire,2013,296212.7,28460.0,10408.035839775124
New Jersey,2013,1726855.8,184720.0,9348.504763967085
New Mexico,2013,3421466.1,34900.0,98036.27793696275
New York,2013,4605209.9,333710.0,13800.035659704536
North Carolina,2013,1759195.6,173960.0,10112.644286042769
North Dakota,2013,89515.2,12520.0,7149.776357827476
Ohio,2013,2425733.9,218030.0,11125.688666697244
Oklahoma,2013,262352.2,51900.0,5054.955684007707
Oregon,2013,528961.2,79040.0,6692.322874493927
Pennsylvania,2013,3295420.7,243850.0,13514.13040803773
Rhode Island,2013,486437.3,20740.0,23454.06460945034
South Carolina,2013,397476.6,65140.0,6101.882100092109
South Dakota,2013,56606.9,12770.0,4432.803445575568
Tennessee,2013,2118645.4,,
Texas,2013,5234155.9,514400.0,10175.264191290826
Utah,2013,918646.9,57980.0,15844.203173508105
Vermont,2013,102953.6,12920.0,7968.544891640868
Virginia,2013,6487534.9,276230.0,23485.989573905805
Washington,2013,3433474.3,209710.0,16372.487244289732
West Virginia,2013,171448.8,19490.0,8796.757311441765
Wisconsin,2013,654032.7,106210.0,6157.920158177196
Wyoming,2013,41206.8,,
Puerto Rico,2013,82562.5,22790.0,3622.7512066695917
United States,2014,127927191.5,6318580.0,20246.19321113288
Alabama,2014,4483708.9,74480.0,60200.173200859295
Alaska,2014,136903.7,14920.0,9175.851206434316
Arizona,2014,1606031.8,127760.0,12570.693487789606
Arkansas,2014,190882.5,32050.0,5955.772230889235
California,2014,15798680.6,880850.0,17935.72185956746
Colorado,2014,3611356.7,160700.0,22472.66148102054
Connecticut,2014,2286989.5,79000.0,28949.23417721519
Delaware,2014,130090.7,22830.0,5698.234778799825
District of Columbia,2014,3980138.4,68820.0,57834.03661726242
Florida,2014,2447584.0,257450.0,9507.026607108177
Georgia,2014,1253097.2,169940.0,7373.762504413322
Hawaii,2014,326464.1,20900.0,15620.291866028707
Idaho,2014,597924.9,26460.0,22597.31292517007
Illinois,2014,2368557.9,235380.0,10062.69819016059
Indiana,2014,771216.1,104000.0,7415.5394230769225
Iowa,2014,512177.4,53440.0,9584.157934131737
Kansas,2014,187149.1,50120.0,3734.020351157223
Kentucky,2014,296741.8,54350.0,5459.830726770929
Louisiana,2014,284516.1,49120.0,5792.265879478827
Maine,2014,131090.5,19410.0,6753.760947964966
Maryland,2014,16890454.0,190080.0,88859.7117003367
Massachusetts,2014,6268540.4,230480.0,27197.762929538356
Michigan,2014,1852690.5,219630.0,8435.507444338205
Minnesota,2014,947366.2,140190.0,6757.7302232684215
Mississippi,2014,589504.7,24860.0,23712.980691874494
Missouri,2014,1038637.1,106980.0,9708.703495980557
Montana,2014,170536.2,15540.0,10974.015444015444
Nebraska,2014,234061.2,36220.0,6462.208724461623
Nevada,2014,509952.1,26890.0,18964.377091855706
New Hampshire,2014,335944.4,28320.0,11862.443502824859
New Jersey,2014,1968461.4,188240.0,10457.189757756056
New Mexico,2014,3714234.0,36180.0,102659.86733001658
New York,2014,4580635.0,348740.0,13134.813901473877
North Carolina,2014,1880502.6,181030.0,10387.79539302878
North Dakota,2014,80497.7,12970.0,6206.4533538936
Ohio,2014,2454492.8,219830.0,11165.413273893462
Oklahoma,2014,316784.1,52910.0,5987.225477225476
Oregon,2014,601516.2,80470.0,7475.036659624704
Pennsylvania,2014,3695261.8,248750.0,14855.323819095476
Rhode Island,2014,555287.2,21210.0,26180.443187175857
South Carolina,2014,476363.2,67300.0,7078.205052005944
South Dakota,2014,68794.7,13220.0,5203.835098335855
Tennessee,2014,2023051.8,86680.0,23339.314720812185
Texas,2014,4678422.7,541060.0,8646.772446678742
Utah,2014,1221843.6,62810.0,19453.01066709123
Vermont,2014,115659.2,13280.0,8709.277108433735
Virginia,2014,7651664.1,272410.0,28088.778312103077
Washington,2014,3565307.8,208630.0,17089.142501078462
West Virginia,2014,208016.7,20110.0,10343.943311785182
Wisconsin,2014,701051.7,112540.0,6229.355784609916
Wyoming,2014,45839.7,9050.0,5065.160220994475
Puerto Rico,2014,71036.7,23320.0,3046.1706689536877
United States,2015,125846296.8,6536860.0,19251.79624468017
Alabama,2015,4537952.0,73190.0,62002.35004782074
Alaska,2015,208043.9,14970.0,13897.388109552438
Arizona,2015,1643746.2,133650.0,12298.886644219976
Arkansas,2015,105595.5,33350.0,3166.2818590704646
California,2015,15280643.1,,
Colorado,2015,3506387.5,167400.0,20946.161887694147
Connecticut,2015,2292751.1,79490.0,28843.264561580076
Delaware,2015,108102.9,22750.0,4751.775824175824
District of Columbia,2015,4221722.8,69880.0,60413.89238694905
Florida,2015,2932695.7,271840.0,10788.315553266628
Georgia,2015,1182449.5,,
Hawaii,2015,305382.0,21060.0,14500.569800569801
Idaho,2015,532626.9,28320.0,18807.447033898305
Illinois,2015,2482732.9,245330.0,10119.972689846329
Indiana,2015,678315.2,104290.0,6504.125035957426
Iowa,2015,566974.5,52790.0,10740.187535518091
Kansas,2015,193687.4,53660.0,3609.5303764442788
Kentucky,2015,296707.4,56190.0,5280.430681615947
Louisiana,2015,253682.8,48440.0,5237.052023121387
Maine,2015,138030.1,19960.0,6915.335671342686
Maryland,2015,16750634.6,193810.0,86428.12341984417
Massachusetts,2015,6055000.6,231640.0,26139.702123985495
Michigan,2015,1798999.0,228140.0,7885.504514771632
Minnesota,2015,817426.3,143620.0,5691.591004038435
Mississippi,2015,489008.1,25440.0,19222.01650943396
Missouri,2015,1296254.1,110220.0,11760.606967882417
Montana,2015,152192.4,16320.0,9325.514705882351
Nebraska,2015,216436.5,37950.0,5703.201581027668
Nevada,2015,394231.4,28200.0,13979.836879432625
New Hampshire,2015,342053.1,29290.0,11678.152953226356
New Jersey,2015,1631865.5,193440.0,8436.029259718776
New Mexico,2015,3542923.1,37510.0,94452.76193015196
New York,2015,4566942.6,368920.0,12379.222053561747
North Carolina,2015,1892032.9,187210.0,10106.473478980823
North Dakota,2015,81999.7,12960.0,6327.1373456790125
Ohio,2015,2638535.8,233570.0,11296.552639465684
Oklahoma,2015,450232.3,55170.0,8160.817473264455
Oregon,2015,557535.9,86350.0,6456.698320787493
Pennsylvania,2015,3710488.4,255170.0,14541.240741466472
Rhode Island,2015,519380.1,21550.0,24101.16473317865
South Carolina,2015,446599.3,68380.0,6531.139221994735
South Dakota,2015,72780.6,13870.0,5247.339581831291
Tennessee,2015,2312539.6,88820.0,26036.24859265931
Texas,2015,5574479.8,563410.0,9894.179727019398
Utah,2015,1143613.2,64670.0,17683.828668625327
Vermont,2015,81624.7,13710.0,5953.661560904449
Virginia,2015,7487098.7,270990.0,27628.68998856046
Washington,2015,2361715.3,219130.0,10777.69041208415
West Virginia,2015,239450.7,20490.0,11686.222547584188
Wisconsin,2015,700689.0,117720.0,5952.16615698267
Wyoming,2015,53488.0,8980.0,5956.347438752784
Puerto Rico,2015,65870.4,22930.0,2872.6733536851284
United States,2016,113002033.8,6746600.0,16749.478818960662
Alabama,2016,4354283.3,72480.0,60075.65259381898
Alaska,2016,211854.2,14340.0,14773.654114365412
Arizona,2016,1549438.6,138560.0,11182.437933025405
Arkansas,2016,307530.1,33180.0,9268.53827606992
California,2016,15756460.2,932020.0,16905.710392480847
Colorado,2016,4183078.0,175370.0,23852.871072589383
Connecticut,2016,2365916.7,80330.0,29452.46732229553
Delaware,2016,142028.1,24120.0,5888.39552238806
District of Columbia,2016,4204465.0,75520.0,55673.530190677964
Florida,2016,2781524.8,284030.0,9793.066929549695
Georgia,2016,1301266.0,196370.0,6626.602841574579
Hawaii,2016,283848.6,21760.0,13044.512867647058
Idaho,2016,568444.0,29050.0,19567.77969018933
Illinois,2016,3922076.1,260160.0,15075.630765682658
Indiana,2016,719112.6,106230.0,6769.3928268850605
Iowa,2016,496211.6,53580.0,9261.13475177305
Kansas,2016,187927.0,57150.0,3288.3114610673665
Kentucky,2016,272594.4,55340.0,4925.811348030358
Louisiana,2016,278529.4,46770.0,5955.300406243319
Maine,2016,137486.7,20580.0,6680.597667638484
Maryland,2016,16640272.2,199860.0,83259.64274992495
Massachusetts,2016,5532560.3,242960.0,22771.48625288113
Michigan,2016,1795895.3,238120.0,7541.975894506972
Minnesota,2016,859101.8,149360.0,5751.88671665774
Mississippi,2016,448193.0,25280.0,17729.153481012658
Missouri,2016,1258592.7,116670.0,10787.629210593983
Montana,2016,169507.4,15840.0,10701.224747474747
Nebraska,2016,204818.5,39780.0,5148.7807943690295
Nevada,2016,286183.3,29460.0,9714.300746775289
New Hampshire,2016,373518.2,30400.0,12286.782894736843
New Jersey,2016,1676599.0,204000.0,8218.622549019608
New Mexico,2016,3662105.8,38420.0,95317.69390942217
New York,2016,4743813.1,378600.0,12529.881405176968
North Carolina,2016,1906189.0,199300.0,9564.420471650777
North Dakota,2016,103567.9,14020.0,7387.154065620542
Ohio,2016,2497351.9,239800.0,10414.311509591325
Oklahoma,2016,349014.1,54380.0,6418.059948510481
Oregon,2016,543833.7,89080.0,6105.003367759317
Pennsylvania,2016,3980624.0,262280.0,15177.001677596461
Rhode Island,2016,627277.4,22000.0,28512.609090909093
South Carolina,2016,460868.8,71190.0,6473.785644051131
South Dakota,2016,69021.9,14160.0,4874.427966101694
Tennessee,2016,2479277.0,90240.0,27474.257535460994
Texas,2016,5296462.7,566230.0,9353.906892958692
Utah,2016,937675.8,68630.0,13662.76846859974
Vermont,2016,82430.9,13390.0,6156.153846153846
Virginia,2016,7383556.0,275350.0,26815.166152169964
Washington,2016,2083801.9,227910.0,9143.09113246457
West Virginia,2016,455544.5,20510.0,22210.848366650414
Wisconsin,2016,722663.9,124000.0,5827.9346774193555
Wyoming,2016,43660.4,8460.0,5160.80378250591
Puerto Rico,2016,71795.8,24190.0,2967.9950392724268
United States,2017,115507566.5,6889020.0,16766.908283035904
Alabama,2017,8662528.3,73410.0,118002.02016074106
Alaska,2017,279952.8,14810.0,18902.957461174883
Arizona,2017,1198750.2,140300.0,8544.192444761225
Arkansas,2017,170024.9,35690.0,4763.936676940319
California,2017,15886663.0,946680.0,16781.44990915621
Colorado,2017,3395584.2,180660.0,18795.440053138493
Connecticut,2017,2349255.7,82960.0,28317.932738669242
Delaware,2017,168621.9,26470.0,6370.302228938421
District of Columbia,2017,4867430.9,76500.0,63626.54771241831
Florida,2017,2879538.6,293850.0,9799.348647269015
Georgia,2017,1284743.1,200620.0,6403.863523078458
Hawaii,2017,275389.2,21590.0,12755.405280222325
Idaho,2017,679105.2,29250.0,23217.27179487179
Illinois,2017,2552936.2,258920.0,9859.942067047738
Indiana,2017,689831.9,108850.0,6337.45429490124
Iowa,2017,519991.0,55050.0,9445.794732061762
Kansas,2017,211646.3,58140.0,3640.287237702098
Kentucky,2017,289451.2,57210.0,5059.451144904737
Louisiana,2017,397183.4,45020.0,8822.37672145713
Maine,2017,158035.1,20550.0,7690.272506082725
Maryland,2017,15416754.8,201310.0,76582.16084645572
Massachusetts,2017,5238400.9,246110.0,21284.795010361224
Michigan,2017,1491404.8,248460.0,6002.595186347904
Minnesota,2017,985780.9,150210.0,6562.684907795753
Mississippi,2017,449462.3,26050.0,17253.831094049903
Missouri,2017,1603792.1,119440.0,13427.59628265238
Montana,2017,150958.3,17070.0,8843.485647334504
Nebraska,2017,210590.7,41890.0,5027.230842683219
Nevada,2017,338354.3,31520.0,10734.590736040609
New Hampshire,2017,351118.8,32170.0,10914.479328566988
New Jersey,2017,1962557.7,203270.0,9654.930388153687
New Mexico,2017,3383365.7,37020.0,91392.91464073474
New York,2017,4954529.0,392570.0,12620.752986728481
North Carolina,2017,2005368.0,207220.0,9677.482868448993
North Dakota,2017,74817.3,14010.0,5340.278372591007
Ohio,2017,2549792.7,249180.0,10232.734168071274
Oklahoma,2017,367626.1,55460.0,6628.671114316624
Oregon,2017,572522.4,92790.0,6170.087293889428
Pennsylvania,2017,3787544.1,267350.0,14166.987469609126
Rhode Island,2017,614957.6,23010.0,26725.667101260322
South Carolina,2017,504736.3,72970.0,6917.038508976291
South Dakota,2017,77220.5,14260.0,5415.182328190744
Tennessee,2017,2491077.7,93320.0,26693.931633090444
Texas,2017,5318933.9,567040.0,9380.174061794583
Utah,2017,1057534.8,73320.0,14423.551554828151
Vermont,2017,80709.2,13160.0,6132.917933130699
Virginia,2017,6310863.7,282830.0,22313.27546582753
Washington,2017,2623651.0,235070.0,11161.147743225421
West Virginia,2017,141427.1,20830.0,6789.587133941432
Wisconsin,2017,729545.2,125610.0,5808.018469867048
Wyoming,2017,45779.9,7960.0,5751.243718592965
Puerto Rico,2017,67637.7,24610.0,2748.382771231207
United States,2018,125737333.0,7083690.0,17750.259116364494
Alabama,2018,5173700.1,,
Alaska,2018,299822.6,14480.0,20705.980662983424
Arizona,2018,1736998.0,,
Arkansas,2018,206209.3,35500.0,5808.712676056338
California,2018,17236903.4,989560.0,17418.755204333236
Colorado,2018,4916763.0,187050.0,26285.821972734564
Connecticut,2018,2568161.8,84100.0,30537.00118906064
Delaware,2018,161633.2,26120.0,6188.101071975498
District of Columbia,2018,6157719.5,74030.0,83178.70457922465
Florida,2018,3178523.9,304650.0,10433.362547185296
Georgia,2018,1349810.8,210710.0,6406.012054482464
Hawaii,2018,441343.2,21400.0,20623.514018691592
Idaho,2018,824213.9,30230.0,27264.766787958983
Illinois,2018,2911110.1,263930.0,11029.856780206874
Indiana,2018,781336.0,,
Iowa,2018,525011.1,58180.0,9023.9102784462
Kansas,2018,232807.5,57720.0,4033.3939708939706
Kentucky,2018,302846.1,59080.0,5126.034190927556
Louisiana,2018,321128.2,46240.0,6944.814013840831
Maine,2018,188370.8,21630.0,8708.774849745723
Maryland,2018,17779202.2,206360.0,86156.24248885443
Massachusetts,2018,6035958.5,249400.0,24201.91860465116
Michigan,2018,1630467.4,253850.0,6422.956076423084
Minnesota,2018,1030979.8,154630.0,6667.398305632802
Mississippi,2018,819832.3,26270.0,31207.92919680244
Missouri,2018,1492038.9,125620.0,11877.399299474606
Montana,2018,194718.3,17830.0,10920.824453168816
Nebraska,2018,211274.5,42200.0,5006.504739336493
Nevada,2018,400237.9,32690.0,12243.435301315389
New Hampshire,2018,472387.3,34780.0,13582.153536515238
New Jersey,2018,2367256.2,211240.0,11206.476992993752
New Mexico,2018,3630347.9,36630.0,99108.59677859678
New York,2018,5366091.1,401580.0,13362.446087952587
North Carolina,2018,2270077.6,213120.0,10651.64039039039
North Dakota,2018,110692.6,14750.0,7504.583050847458
Ohio,2018,4206814.2,251630.0,16718.253785319717
Oklahoma,2018,480647.7,55920.0,8595.273605150214
Oregon,2018,626844.0,94630.0,6624.157244002959
Pennsylvania,2018,4147619.9,,
Rhode Island,2018,662359.7,23310.0,28415.259545259545
South Carolina,2018,561412.0,75750.0,7411.379537953795
South Dakota,2018,80830.4,14790.0,5465.206220419202
Tennessee,2018,2564153.8,96060.0,26693.25213408286
Texas,2018,4677250.2,581440.0,8044.252545404513
Utah,2018,1109737.3,,
Vermont,2018,97069.0,12890.0,7530.566330488751
Virginia,2018,7187180.0,289420.0,24833.045401147123
Washington,2018,2745986.2,242680.0,11315.255480468106
West Virginia,2018,280505.1,21770.0,12884.937988056958
Wisconsin,2018,759428.2,129060.0,5884.303424763676
Wyoming,2018,48592.9,8440.0,5757.452606635071
Puerto Rico,2018,74707.1,25040.0,2983.510383386582
United States,2019,138170254.9,7317290.0,18882.708612068127
Alabama,2019,5414464.9,81730.0,66248.1940535911
Alaska,2019,334240.4,14550.0,22971.84879725086
Arizona,2019,2001235.9,146410.0,13668.71047059627
Arkansas,2019,179019.8,36180.0,4948.032061912659
California,2019,19158610.5,1023530.0,18718.171914843726
Colorado,2019,5267919.7,194490.0,27085.812638181913
Connecticut,2019,2673235.2,85950.0,31102.212914485168
Delaware,2019,163086.6,24650.0,6616.0892494929
District of Columbia,2019,6228175.8,77110.0,80770.01426533524
Florida,2019,3892005.0,317650.0,12252.494884306627
Georgia,2019,1503918.0,219770.0,6843.145106247441
Hawaii,2019,411940.0,22040.0,18690.562613430127
Idaho,2019,919915.3,31840.0,28891.812185929648
Illinois,2019,2998344.6,270460.0,11086.09258300673
Indiana,2019,894094.8,118010.0,7576.432505719855
Iowa,2019,517779.2,61540.0,8413.701657458563
Kansas,2019,282617.3,59290.0,4766.694214876033
Kentucky,2019,313350.7,61030.0,5134.371620514501
Louisiana,2019,432060.3,45540.0,9487.490118577074
Maine,2019,189013.5,22180.0,8521.798917944094
Maryland,2019,16992340.3,210700.0,80647.08258186997
Massachusetts,2019,6837816.2,256800.0,26627.01012461059
Michigan,2019,2053699.5,253380.0,8105.215486620885
Minnesota,2019,1029355.9,155230.0,6631.166011724538
Mississippi,2019,505111.8,28890.0,17483.966770508825
Missouri,2019,2375132.7,129050.0,18404.747772181327
Montana,2019,191393.8,18170.0,10533.505778756191
Nebraska,2019,243708.3,43000.0,5667.63488372093
Nevada,2019,375083.5,35180.0,10661.839113132462
New Hampshire,2019,669304.6,36280.0,18448.30760749724
New Jersey,2019,2834421.1,212670.0,13327.790003291484
New Mexico,2019,3755707.3,37550.0,100018.8362183755
New York,2019,6162335.7,408360.0,15090.448868645315
North Carolina,2019,2417439.8,225140.0,10737.495780403304
North Dakota,2019,73020.1,13990.0,5219.449606862045
Ohio,2019,5188238.0,255870.0,20276.851526165632
Oklahoma,2019,505865.6,60210.0,8401.68742733765
Oregon,2019,696901.8,97730.0,7130.889184487875
Pennsylvania,2019,4092542.5,275350.0,14863.05611040494
Rhode Island,2019,722584.7,24740.0,29207.142279708973
South Carolina,2019,645951.1,79510.0,8124.149163627216
South Dakota,2019,88897.7,15330.0,5798.936725375082
Tennessee,2019,3578413.6,98650.0,36273.832742017235
Texas,2019,5067493.3,610010.0,8307.229881477353
Utah,2019,1301136.4,84710.0,15359.891394168339
Vermont,2019,119948.0,12560.0,9550.0
Virginia,2019,8028901.8,298440.0,26902.901085645353
Washington,2019,3195255.2,257820.0,12393.356605383602
West Virginia,2019,141895.2,22720.0,6245.3873239436625
Wisconsin,2019,839542.6,136260.0,6161.328342873917
Wyoming,2019,67645.9,9010.0,7507.869034406215
Puerto Rico,2019,81769.7,26410.0,3096.1643316925406
United States,2020,162959085.0,7311810.0,22287.106065392836
Alabama,2020,3070409.0,85650.0,35848.3245767659
Alaska,2020,278935.0,13920.0,20038.433908045976
Arizona,2020,1938848.0,154090.0,12582.568628723473
Arkansas,2020,501283.0,36200.0,13847.596685082874
California,2020,22464304.0,1013810.0,22158.297905919255
Colorado,2020,5024162.0,200900.0,25008.272772523644
Connecticut,2020,2566182.0,86450.0,29684.002313475998
Delaware,2020,221626.0,23230.0,9540.507963839862
District of Columbia,2020,16314674.0,77310.0,211029.2846979692
Florida,2020,4061105.0,324480.0,12515.732864891519
Georgia,2020,1912788.0,220250.0,8684.622020431329
Hawaii,2020,393878.0,21990.0,17911.68713051387
Idaho,2020,840360.0,31220.0,26917.360666239587
Illinois,2020,3208955.0,265230.0,12098.763337480677
Indiana,2020,1104109.0,119000.0,9278.226890756303
Iowa,2020,702068.0,60580.0,11589.105315285573
Kansas,2020,352338.0,62580.0,5630.201342281879
Kentucky,2020,354252.0,60640.0,5841.88654353562
Louisiana,2020,436645.0,44360.0,9843.214607754733
Maine,2020,185146.0,22010.0,8411.903680145388
Maryland,2020,22736195.0,209780.0,108381.13738201927
Massachusetts,2020,8850303.0,251720.0,35159.31590656284
Michigan,2020,1924826.0,236860.0,8126.429114244701
Minnesota,2020,1447556.0,154570.0,9365.051433007699
Mississippi,2020,471970.0,29000.0,16274.827586206897
Missouri,2020,2079639.0,125040.0,16631.789827255277
Montana,2020,213206.0,17990.0,11851.361867704281
Nebraska,2020,254861.0,43280.0,5888.655268022181
Nevada,2020,305900.0,34440.0,8882.113821138211
New Hampshire,2020,483308.0,35880.0,13470.122630992197
New Jersey,2020,2884975.0,206520.0,13969.47026922332
New Mexico,2020,3501956.0,38970.0,89862.86887349244
New York,2020,8148162.0,395200.0,20617.81882591093
North Carolina,2020,3271376.0,230130.0,14215.339156129143
North Dakota,2020,140076.0,12690.0,11038.297872340425
Ohio,2020,5215661.0,248080.0,21024.10915833602
Oklahoma,2020,536709.0,57210.0,9381.3843733613
Oregon,2020,814312.0,96930.0,8401.031672340865
Pennsylvania,2020,5214140.0,270350.0,19286.62844460884
Rhode Island,2020,875650.0,24090.0,36349.10751349108
South Carolina,2020,821548.0,78680.0,10441.637010676157
South Dakota,2020,130890.0,15640.0,8368.925831202047
Tennessee,2020,3151030.0,104680.0,30101.547573557506
Texas,2020,6135036.0,620130.0,9893.144985728799
Utah,2020,1140727.0,85440.0,13351.20552434457
Vermont,2020,129254.0,12540.0,10307.336523125998
Virginia,2020,9650204.0,300900.0,32071.13326686607
Washington,2020,3280002.0,283420.0,11572.937689647873
West Virginia,2020,150438.0,23090.0,6515.288003464703
Wisconsin,2020,907886.0,135900.0,6680.544518027962
Wyoming,2020,86677.0,8780.0,9872.095671981777
Puerto Rico,2020,88076.0,25830.0,3409.833526906698
