State,year,patents-awarded,individuals-in-se-occupations,patents-pe-1000-individuals-s&e
United States,2003,87604,4961540.0,17.65661468011948
Alabama,2003,407,56380.0,7.218871940404399
Alaska,2003,38,10600.0,3.5849056603773586
Arizona,2003,1563,92120.0,16.96699956578376
Arkansas,2003,158,21340.0,7.4039362699156515
California,2003,19675,676180.0,29.097281788872785
Colorado,2003,2059,124140.0,16.586112453681327
Connecticut,2003,1658,81380.0,20.37355615630376
Delaware,2003,349,17370.0,20.09211283822683
District of Columbia,2003,54,54890.0,0.9837857533248314
Florida,2003,2517,221070.0,11.385533993757633
Georgia,2003,1337,144170.0,9.27377401678574
Hawaii,2003,73,16090.0,4.536979490366687
Idaho,2003,1800,22150.0,81.26410835214446
Illinois,2003,3284,211230.0,15.54703403872556
Indiana,2003,1386,78410.0,17.676316796326997
Iowa,2003,652,37320.0,17.470525187566988
Kansas,2003,423,51970.0,8.13931114104291
Kentucky,2003,434,45230.0,9.595401282334734
Louisiana,2003,396,41900.0,9.45107398568019
Maine,2003,149,15020.0,9.920106524633821
Maryland,2003,1436,149250.0,9.6214405360134
Massachusetts,2003,3912,184690.0,21.18143916833613
Michigan,2003,3881,182940.0,21.21460588170985
Minnesota,2003,2938,117120.0,25.085382513661205
Mississippi,2003,155,22190.0,6.985128436232538
Missouri,2003,842,84150.0,10.005941770647652
Montana,2003,122,11450.0,10.655021834061134
Nebraska,2003,181,30710.0,5.893845652881797
Nevada,2003,382,22330.0,17.107030900134347
New Hampshire,2003,672,23430.0,28.681177976952625
New Jersey,2003,3469,161420.0,21.490521620617024
New Mexico,2003,381,33600.0,11.339285714285715
New York,2003,6214,272440.0,22.80869182205256
North Carolina,2003,1865,132440.0,14.081848384173966
North Dakota,2003,58,8430.0,6.880189798339265
Ohio,2003,3161,177100.0,17.84867306606437
Oklahoma,2003,518,44360.0,11.677186654643823
Oregon,2003,1677,61230.0,27.388535031847134
Pennsylvania,2003,3188,185560.0,17.180426816124164
Rhode Island,2003,278,18740.0,14.834578441835646
South Carolina,2003,577,48740.0,11.838325810422651
South Dakota,2003,81,9150.0,8.852459016393443
Tennessee,2003,803,63680.0,12.609924623115578
Texas,2003,5957,365270.0,16.308484135023406
Utah,2003,640,45570.0,14.044327408382708
Vermont,2003,440,11420.0,38.52889667250438
Virginia,2003,1108,209280.0,5.2943425076452595
Washington,2003,2263,150230.0,15.063569193902683
West Virginia,2003,137,16220.0,8.446362515413071
Wisconsin,2003,1761,93320.0,18.87055293613373
Wyoming,2003,68,6130.0,11.092985318107667
Puerto Rico,2003,27,19940.0,1.354062186559679
United States,2004,83971,5174260.0,16.228600804752755
Alabama,2004,372,59880.0,6.212424849699398
Alaska,2004,43,10870.0,3.955841766329347
Arizona,2004,1590,98400.0,16.158536585365855
Arkansas,2004,138,24170.0,5.709557302441042
California,2004,19468,703250.0,27.68290081763242
Colorado,2004,2069,125510.0,16.48474225161342
Connecticut,2004,1548,83840.0,18.463740458015266
Delaware,2004,355,18420.0,19.27252985884908
District of Columbia,2004,74,61460.0,1.2040351448096325
Florida,2004,2412,235170.0,10.256410256410257
Georgia,2004,1327,139230.0,9.530991883933062
Hawaii,2004,79,17630.0,4.480998298355077
Idaho,2004,1794,23050.0,77.83080260303687
Illinois,2004,3143,219040.0,14.348977355734112
Indiana,2004,1283,80950.0,15.849289684990733
Iowa,2004,641,40060.0,16.000998502246627
Kansas,2004,437,52650.0,8.300094966761634
Kentucky,2004,414,43740.0,9.465020576131687
Louisiana,2004,357,42520.0,8.396048918156161
Maine,2004,136,14980.0,9.078771695594124
Maryland,2004,1329,158350.0,8.392800757814967
Massachusetts,2004,3669,190960.0,19.2134478424801
Michigan,2004,3738,188580.0,19.821826280623608
Minnesota,2004,2725,118590.0,22.978328695505525
Mississippi,2004,134,22970.0,5.833696125380931
Missouri,2004,769,91820.0,8.37508168155086
Montana,2004,120,11640.0,10.309278350515465
Nebraska,2004,192,31760.0,6.045340050377834
Nevada,2004,413,24440.0,16.898527004909983
New Hampshire,2004,639,25620.0,24.94145199063232
New Jersey,2004,2927,171990.0,17.01843130414559
New Mexico,2004,368,32000.0,11.5
New York,2004,5812,283150.0,20.526222850079463
North Carolina,2004,1783,136430.0,13.068973099758118
North Dakota,2004,56,8460.0,6.619385342789598
Ohio,2004,2886,181180.0,15.928910475769952
Oklahoma,2004,451,46320.0,9.736614853195166
Oregon,2004,1726,64820.0,26.62758407898797
Pennsylvania,2004,2850,195510.0,14.577259475218659
Rhode Island,2004,297,19330.0,15.364718054837041
South Carolina,2004,521,50840.0,10.247836349331235
South Dakota,2004,81,9530.0,8.499475341028331
Tennessee,2004,695,65730.0,10.57355849688118
Texas,2004,5905,384600.0,15.353614144565782
Utah,2004,686,45250.0,15.160220994475138
Vermont,2004,404,12510.0,32.29416466826539
Virginia,2004,1088,233590.0,4.657733635857699
Washington,2004,2225,156780.0,14.191861206786578
West Virginia,2004,101,15990.0,6.316447779862415
Wisconsin,2004,1633,93760.0,17.416808873720136
Wyoming,2004,50,6960.0,7.183908045977011
Puerto Rico,2004,18,20600.0,0.8737864077669903
United States,2005,74313,5233520.0,14.199429829254498
Alabama,2005,320,62790.0,5.096352922439879
Alaska,2005,39,11230.0,3.472840605520926
Arizona,2005,1434,96410.0,14.873975728658854
Arkansas,2005,122,24660.0,4.947283049472831
California,2005,17896,716530.0,24.975925641633985
Colorado,2005,1849,126110.0,14.661803187693284
Connecticut,2005,1499,83930.0,17.860121529846303
Delaware,2005,330,18010.0,18.323153803442533
District of Columbia,2005,56,63410.0,0.8831414603374862
Florida,2005,2255,241000.0,9.356846473029044
Georgia,2005,1209,137580.0,8.78761447884867
Hawaii,2005,51,17460.0,2.9209621993127146
Idaho,2005,1522,23880.0,63.73534338358459
Illinois,2005,2724,221630.0,12.290754861706448
Indiana,2005,1108,79910.0,13.86559879864848
Iowa,2005,558,40300.0,13.846153846153847
Kansas,2005,376,51630.0,7.282587642843308
Kentucky,2005,343,44530.0,7.702672355715248
Louisiana,2005,273,41030.0,6.653668047769924
Maine,2005,152,15500.0,9.806451612903226
Maryland,2005,1190,160120.0,7.431926055458407
Massachusetts,2005,3098,193180.0,16.03685681747593
Michigan,2005,3329,192150.0,17.325006505334375
Minnesota,2005,2403,120930.0,19.8709997519226
Mississippi,2005,117,23480.0,4.982964224872231
Missouri,2005,640,92260.0,6.936917407327119
Montana,2005,97,11940.0,8.12395309882747
Nebraska,2005,175,31530.0,5.550269584522677
Nevada,2005,379,24400.0,15.532786885245903
New Hampshire,2005,498,26840.0,18.554396423248882
New Jersey,2005,2510,174270.0,14.40293796981695
New Mexico,2005,266,32530.0,8.177067322471565
New York,2005,4694,289010.0,16.241652537974467
North Carolina,2005,1600,134290.0,11.914513366594683
North Dakota,2005,76,9070.0,8.379272326350605
Ohio,2005,2323,180900.0,12.841348811498065
Oklahoma,2005,406,46370.0,8.755660987707568
Oregon,2005,1632,62030.0,26.30985007254554
Pennsylvania,2005,2332,204270.0,11.416262789445343
Rhode Island,2005,258,18080.0,14.26991150442478
South Carolina,2005,458,50460.0,9.076496234641299
South Dakota,2005,69,9460.0,7.293868921775899
Tennessee,2005,587,66390.0,8.841693026058142
Texas,2005,5262,389550.0,13.507893723527147
Utah,2005,555,45110.0,12.303258700953226
Vermont,2005,363,12770.0,28.425998433829285
Virginia,2005,960,236650.0,4.056623705894782
Washington,2005,2275,160960.0,14.133946322067594
West Virginia,2005,92,16040.0,5.735660847880299
Wisconsin,2005,1476,93590.0,15.77091569612138
Wyoming,2005,46,7350.0,6.258503401360544
Puerto Rico,2005,25,20950.0,1.1933174224343677
United States,2006,89375,5407710.0,16.527328573462704
Alabama,2006,368,66100.0,5.567322239031769
Alaska,2006,34,10720.0,3.171641791044776
Arizona,2006,1669,98110.0,17.011517684231983
Arkansas,2006,144,24860.0,5.792437650844731
California,2006,22191,,
Colorado,2006,2120,133730.0,15.85283780752262
Connecticut,2006,1659,79380.0,20.8994708994709
Delaware,2006,367,21550.0,17.03016241299304
District of Columbia,2006,69,64120.0,1.0761072988147222
Florida,2006,2567,246190.0,10.426906048174175
Georgia,2006,1476,136470.0,10.815563860189052
Hawaii,2006,87,18940.0,4.593453009503696
Idaho,2006,1661,,
Illinois,2006,3211,222470.0,14.433406751472107
Indiana,2006,1191,80110.0,14.867057795531144
Iowa,2006,662,43670.0,15.159148156629264
Kansas,2006,480,48620.0,9.872480460715755
Kentucky,2006,416,44680.0,9.310653536257833
Louisiana,2006,328,40180.0,8.16326530612245
Maine,2006,144,15950.0,9.028213166144202
Maryland,2006,1387,159470.0,8.697560669718442
Massachusetts,2006,3975,198670.0,20.008053556148386
Michigan,2006,3729,208520.0,17.883176673700362
Minnesota,2006,2949,125930.0,23.41777177797189
Mississippi,2006,124,24910.0,4.97792051384986
Missouri,2006,736,96420.0,7.633271105579755
Montana,2006,120,13010.0,9.223674096848578
Nebraska,2006,180,32500.0,5.538461538461538
Nevada,2006,382,26930.0,14.184923876717416
New Hampshire,2006,613,27680.0,22.145953757225435
New Jersey,2006,3115,176460.0,17.65272583021648
New Mexico,2006,349,30800.0,11.331168831168831
New York,2006,5581,306810.0,18.190411003552686
North Carolina,2006,1955,138790.0,14.086029252828014
North Dakota,2006,68,9360.0,7.264957264957265
Ohio,2006,2611,185190.0,14.099033425130946
Oklahoma,2006,552,50770.0,10.872562536931259
Oregon,2006,2074,64520.0,32.14507129572225
Pennsylvania,2006,2857,214910.0,13.293936996882415
Rhode Island,2006,277,18060.0,15.337763012181618
South Carolina,2006,573,53230.0,10.764606424948338
South Dakota,2006,74,10120.0,7.312252964426878
Tennessee,2006,665,67040.0,9.91945107398568
Texas,2006,6236,408710.0,15.25776222749627
Utah,2006,700,49690.0,14.087341517407928
Vermont,2006,435,12780.0,34.03755868544601
Virginia,2006,1101,251720.0,4.3739075162879395
Washington,2006,3244,171780.0,18.884619862614976
West Virginia,2006,102,17150.0,5.947521865889213
Wisconsin,2006,1687,96860.0,17.4168903572166
Wyoming,2006,48,7640.0,6.282722513089006
Puerto Rico,2006,27,23850.0,1.1320754716981132
United States,2007,79169,5591990.0,14.157571812539008
Alabama,2007,305,69650.0,4.379038047379756
Alaska,2007,18,11990.0,1.5012510425354462
Arizona,2007,1559,102380.0,15.227583512404767
Arkansas,2007,115,28460.0,4.040758959943781
California,2007,19576,753570.0,25.977679578539483
Colorado,2007,1747,138990.0,12.569249586301172
Connecticut,2007,1380,80280.0,17.189835575485798
Delaware,2007,337,22140.0,15.221318879855465
District of Columbia,2007,72,63150.0,1.1401425178147269
Florida,2007,2307,244140.0,9.449496190710247
Georgia,2007,1299,136880.0,9.490064289888954
Hawaii,2007,70,18740.0,3.735325506937033
Idaho,2007,1348,24330.0,55.404849979449246
Illinois,2007,2868,225180.0,12.736477484678923
Indiana,2007,1139,83080.0,13.70967741935484
Iowa,2007,596,45430.0,13.119084305524984
Kansas,2007,413,50040.0,8.25339728217426
Kentucky,2007,432,49030.0,8.810932082398532
Louisiana,2007,261,38450.0,6.788036410923277
Maine,2007,113,15960.0,7.080200501253133
Maryland,2007,1206,162540.0,7.419712070874862
Massachusetts,2007,3521,205610.0,17.12465347016196
Michigan,2007,3143,212040.0,14.82267496698736
Minnesota,2007,2572,129840.0,19.808995686999385
Mississippi,2007,140,25520.0,5.4858934169279
Missouri,2007,686,102170.0,6.714299696584124
Montana,2007,107,13240.0,8.081570996978853
Nebraska,2007,205,31420.0,6.524506683640993
Nevada,2007,363,26920.0,13.484398216939079
New Hampshire,2007,541,28450.0,19.015817223198592
New Jersey,2007,2656,186120.0,14.27036320653342
New Mexico,2007,288,33440.0,8.61244019138756
New York,2007,4958,322520.0,15.372690065732359
North Carolina,2007,1727,142970.0,12.079457228789257
North Dakota,2007,76,9660.0,7.867494824016562
Ohio,2007,2239,196390.0,11.400784153979327
Oklahoma,2007,466,51430.0,9.060859420571651
Oregon,2007,1887,67890.0,27.794962439239946
Pennsylvania,2007,2497,218890.0,11.407556306820778
Rhode Island,2007,250,18400.0,13.58695652173913
South Carolina,2007,418,54120.0,7.723577235772358
South Dakota,2007,58,11550.0,5.021645021645021
Tennessee,2007,620,70820.0,8.75458909912454
Texas,2007,5722,441410.0,12.96300491606443
Utah,2007,639,51340.0,12.446435527853525
Vermont,2007,453,12760.0,35.50156739811913
Virginia,2007,1003,254710.0,3.9378116289113114
Washington,2007,3187,183900.0,17.330070690592713
West Virginia,2007,101,16560.0,6.099033816425121
Wisconsin,2007,1395,99380.0,14.037029583417187
Wyoming,2007,53,8110.0,6.535141800246609
Puerto Rico,2007,30,23630.0,1.2695725772323319
United States,2008,77160,5781460.0,13.346109806173528
Alabama,2008,263,68580.0,3.8349372995042286
Alaska,2008,19,13260.0,1.4328808446455503
Arizona,2008,1552,102100.0,15.200783545543585
Arkansas,2008,111,29310.0,3.787103377686796
California,2008,19184,791750.0,24.229870539943164
Colorado,2008,1611,147000.0,10.959183673469386
Connecticut,2008,1318,80290.0,16.41549383484867
Delaware,2008,307,22330.0,13.748320644872368
District of Columbia,2008,62,63360.0,0.9785353535353536
Florida,2008,2013,248200.0,8.110394842868654
Georgia,2008,1338,147380.0,9.078572397883024
Hawaii,2008,81,18830.0,4.301646309081253
Idaho,2008,1162,23310.0,49.84984984984985
Illinois,2008,2719,224370.0,12.118375896955921
Indiana,2008,1008,90840.0,11.096433289299869
Iowa,2008,540,46180.0,11.693373754872239
Kansas,2008,406,54260.0,7.482491706597862
Kentucky,2008,413,,
Louisiana,2008,257,41790.0,6.149796602057909
Maine,2008,118,17000.0,6.9411764705882355
Maryland,2008,1184,167070.0,7.086849823427306
Massachusetts,2008,3510,217310.0,16.152040863282867
Michigan,2008,2969,204290.0,14.533261539967693
Minnesota,2008,2558,134440.0,19.027075275215708
Mississippi,2008,105,27270.0,3.8503850385038505
Missouri,2008,616,105390.0,5.844956827023437
Montana,2008,91,,
Nebraska,2008,190,31820.0,5.971087366436203
Nevada,2008,375,27300.0,13.736263736263735
New Hampshire,2008,483,29150.0,16.569468267581474
New Jersey,2008,2668,198060.0,13.470665454912652
New Mexico,2008,285,34560.0,8.246527777777779
New York,2008,4880,326510.0,14.945943462681083
North Carolina,2008,1822,153680.0,11.855804268610099
North Dakota,2008,63,9450.0,6.666666666666667
Ohio,2008,2221,206320.0,10.764831329972857
Oklahoma,2008,413,48900.0,8.445807770961146
Oregon,2008,1805,70070.0,25.7599543313829
Pennsylvania,2008,2448,227170.0,10.776070783994365
Rhode Island,2008,212,18090.0,11.7191818684356
South Carolina,2008,386,57770.0,6.681668686169292
South Dakota,2008,52,11870.0,4.380791912384161
Tennessee,2008,574,72760.0,7.88894997251237
Texas,2008,5688,463850.0,12.262584887355827
Utah,2008,641,52570.0,12.193266121361994
Vermont,2008,430,12360.0,34.78964401294499
Virginia,2008,1043,259280.0,4.022678185745141
Washington,2008,3480,,
West Virginia,2008,76,17000.0,4.470588235294118
Wisconsin,2008,1347,101680.0,13.24744295830055
Wyoming,2008,38,8850.0,4.293785310734463
Puerto Rico,2008,17,22970.0,0.740095777100566
United States,2009,81961,5785710.0,14.166109258846364
Alabama,2009,300,68670.0,4.36871996505024
Alaska,2009,38,14780.0,2.571041948579161
Arizona,2009,1541,102820.0,14.987356545419178
Arkansas,2009,96,31420.0,3.0553787396562697
California,2009,20601,795240.0,25.905387052965143
Colorado,2009,1711,148090.0,11.553784860557768
Connecticut,2009,1396,79160.0,17.635169277412835
Delaware,2009,315,22200.0,14.18918918918919
District of Columbia,2009,57,61430.0,0.9278853980139997
Florida,2009,2157,247070.0,8.7303193426964
Georgia,2009,1410,,
Hawaii,2009,73,19020.0,3.838065194532071
Idaho,2009,942,23520.0,40.05102040816327
Illinois,2009,2875,221170.0,12.99905050413709
Indiana,2009,1108,90750.0,12.209366391184574
Iowa,2009,652,47080.0,13.848768054375531
Kansas,2009,429,56200.0,7.633451957295374
Kentucky,2009,366,51200.0,7.1484375
Louisiana,2009,265,43630.0,6.073802429520971
Maine,2009,115,17910.0,6.420993858179788
Maryland,2009,1258,169540.0,7.4200778577326885
Massachusetts,2009,3714,217690.0,17.060958243373605
Michigan,2009,2961,187760.0,15.770132083510864
Minnesota,2009,2608,134060.0,19.45397583171714
Mississippi,2009,131,25940.0,5.050115651503469
Missouri,2009,711,104310.0,6.816220880069025
Montana,2009,80,14210.0,5.629838142153413
Nebraska,2009,192,31790.0,6.03963510537905
Nevada,2009,341,27560.0,12.37300435413643
New Hampshire,2009,549,30550.0,17.970540098199674
New Jersey,2009,2788,195690.0,14.247023353262815
New Mexico,2009,310,36950.0,8.389715832205683
New York,2009,5201,315480.0,16.485989603144414
North Carolina,2009,2017,158920.0,12.6919204631261
North Dakota,2009,80,9930.0,8.056394763343404
Ohio,2009,2334,207930.0,11.224931467320733
Oklahoma,2009,412,45730.0,9.009403017712662
Oregon,2009,1781,69630.0,25.578055435875342
Pennsylvania,2009,2648,,
Rhode Island,2009,207,18120.0,11.42384105960265
South Carolina,2009,461,57370.0,8.035558654348963
South Dakota,2009,46,11570.0,3.975799481417459
Tennessee,2009,635,68970.0,9.20690155139916
Texas,2009,5861,470010.0,12.469947447926641
Utah,2009,758,51270.0,14.784474351472596
Vermont,2009,437,12780.0,34.19405320813772
Virginia,2009,1079,264090.0,4.08572835018365
Washington,2009,4298,196850.0,21.833883667767335
West Virginia,2009,96,16350.0,5.871559633027523
Wisconsin,2009,1441,100850.0,14.28854734754586
Wyoming,2009,60,8920.0,6.72645739910314
Puerto Rico,2009,15,22760.0,0.6590509666080844
United States,2010,107231,5549980.0,19.320970526019916
Alabama,2010,454,68450.0,6.632578524470416
Alaska,2010,28,15430.0,1.814646791963707
Arizona,2010,1937,102870.0,18.829590745601244
Arkansas,2010,143,29200.0,4.897260273972603
California,2010,27254,758830.0,35.91581777209652
Colorado,2010,2146,143210.0,14.984987081907688
Connecticut,2010,1833,74990.0,24.443259101213496
Delaware,2010,376,20920.0,17.97323135755258
District of Columbia,2010,81,59870.0,1.3529313512610657
Florida,2010,2902,239600.0,12.111853088480801
Georgia,2010,1900,145220.0,13.083597300647295
Hawaii,2010,124,19500.0,6.358974358974359
Idaho,2010,1090,24130.0,45.17198508081226
Illinois,2010,3623,197120.0,18.37966720779221
Indiana,2010,1504,90710.0,16.580310880829014
Iowa,2010,746,44140.0,16.900770276393292
Kansas,2010,613,48970.0,12.51786808249949
Kentucky,2010,536,48790.0,10.985857757737241
Louisiana,2010,301,44200.0,6.8099547511312215
Maine,2010,202,17470.0,11.562678878076703
Maryland,2010,1567,166700.0,9.400119976004799
Massachusetts,2010,4921,208160.0,23.640468870099923
Michigan,2010,3798,176570.0,21.509882766041798
Minnesota,2010,3575,125100.0,28.577138289368506
Mississippi,2010,156,23770.0,6.562894404711822
Missouri,2010,966,102300.0,9.442815249266863
Montana,2010,101,14620.0,6.908344733242134
Nebraska,2010,211,30930.0,6.821855803427093
Nevada,2010,533,26840.0,19.858420268256335
New Hampshire,2010,738,29200.0,25.273972602739725
New Jersey,2010,3836,185360.0,20.694864048338367
New Mexico,2010,432,36130.0,11.956822585109329
New York,2010,6952,,
North Carolina,2010,2635,155030.0,16.99671031413275
North Dakota,2010,104,11050.0,9.411764705882351
Ohio,2010,3216,195840.0,16.42156862745098
Oklahoma,2010,517,44190.0,11.69947952025345
Oregon,2010,2036,,
Pennsylvania,2010,3332,,
Rhode Island,2010,256,18210.0,14.058209774848985
South Carolina,2010,517,56230.0,9.194380224079673
South Dakota,2010,74,11150.0,6.63677130044843
Tennessee,2010,914,71850.0,12.720946416144745
Texas,2010,7503,451390.0,16.621989853563438
Utah,2010,1006,50830.0,19.79146173519575
Vermont,2010,642,12670.0,50.67087608524073
Virginia,2010,1602,255800.0,6.262705238467553
Washington,2010,5240,186210.0,28.140271736211805
West Virginia,2010,120,17070.0,7.0298769771529
Wisconsin,2010,1829,99240.0,18.43006852075776
Wyoming,2010,80,8260.0,9.685230024213075
Puerto Rico,2010,26,20850.0,1.2470023980815348
United States,2011,108116,5794980.0,18.656837469672027
Alabama,2011,367,70290.0,5.221226347986912
Alaska,2011,30,15680.0,1.913265306122449
Arizona,2011,1998,115330.0,17.324200121390792
Arkansas,2011,138,29350.0,4.701873935264055
California,2011,28063,800430.0,35.059905300900766
Colorado,2011,2082,144750.0,14.38341968911917
Connecticut,2011,1916,76550.0,25.029392553886346
Delaware,2011,436,22430.0,19.438252340615247
District of Columbia,2011,97,62660.0,1.5480370252154483
Florida,2011,3055,244970.0,12.4709148058946
Georgia,2011,1946,147820.0,13.164659721282641
Hawaii,2011,93,20100.0,4.626865671641791
Idaho,2011,1041,25950.0,40.115606936416185
Illinois,2011,3796,204420.0,18.569611583993737
Indiana,2011,1457,93640.0,15.559589918838103
Iowa,2011,807,48930.0,16.492949110974862
Kansas,2011,685,51530.0,13.293227246264312
Kentucky,2011,473,51990.0,9.097903442969802
Louisiana,2011,318,42760.0,7.436856875584659
Maine,2011,175,17490.0,10.005717552887363
Maryland,2011,1500,173020.0,8.669517974800602
Massachusetts,2011,5131,220670.0,23.25191462364617
Michigan,2011,3922,188380.0,20.819619917188664
Minnesota,2011,3855,130340.0,29.576492251035756
Mississippi,2011,156,23440.0,6.6552901023890785
Missouri,2011,880,106930.0,8.2296829701674
Montana,2011,99,14960.0,6.617647058823529
Nebraska,2011,209,33800.0,6.183431952662722
Nevada,2011,554,28370.0,19.527670074021856
New Hampshire,2011,750,29260.0,25.63226247436774
New Jersey,2011,3814,182210.0,20.931891773228692
New Mexico,2011,396,35520.0,11.14864864864865
New York,2011,6914,310510.0,22.266593668480887
North Carolina,2011,2673,161880.0,16.512231282431433
North Dakota,2011,91,12070.0,7.539353769676885
Ohio,2011,3166,208140.0,15.210915729797252
Oklahoma,2011,488,47090.0,10.363134423444468
Oregon,2011,1959,,
Pennsylvania,2011,3223,,
Rhode Island,2011,278,19450.0,14.29305912596401
South Carolina,2011,653,61020.0,10.701409373975746
South Dakota,2011,96,11790.0,8.142493638676845
Tennessee,2011,972,77630.0,12.520932629138219
Texas,2011,7508,469080.0,16.005798584463204
Utah,2011,1043,51350.0,20.311587147030185
Vermont,2011,513,13100.0,39.160305343511446
Virginia,2011,1588,267620.0,5.933786712502802
Washington,2011,4748,196760.0,24.130920918885952
West Virginia,2011,101,18300.0,5.519125683060109
Wisconsin,2011,1772,102320.0,17.3182173573104
Wyoming,2011,63,8440.0,7.464454976303317
Puerto Rico,2011,26,20990.0,1.2386850881372082
United States,2012,120489,5968240.0,20.18836373872364
Alabama,2012,433,72880.0,5.941273326015368
Alaska,2012,31,16260.0,1.9065190651906518
Arizona,2012,2179,116930.0,18.63508081758317
Arkansas,2012,179,29530.0,6.061632238401626
California,2012,32016,821780.0,38.95933218136241
Colorado,2012,2424,149020.0,16.266272983492147
Connecticut,2012,2109,78450.0,26.883365200764818
Delaware,2012,447,23440.0,19.06996587030717
District of Columbia,2012,106,63600.0,1.6666666666666667
Florida,2012,3600,248300.0,14.49859041482078
Georgia,2012,2122,148830.0,14.257878115971243
Hawaii,2012,117,20930.0,5.590062111801243
Idaho,2012,930,25260.0,36.81710213776722
Illinois,2012,4285,220170.0,19.462233728482538
Indiana,2012,1751,94620.0,18.50560135277954
Iowa,2012,860,50950.0,16.8792934249264
Kansas,2012,980,50930.0,19.242096995876693
Kentucky,2012,534,51830.0,10.302913370634768
Louisiana,2012,359,45920.0,7.817944250871079
Maine,2012,203,17910.0,11.334450027917365
Maryland,2012,1618,179550.0,9.011417432470063
Massachusetts,2012,5672,229160.0,24.75126549135975
Michigan,2012,4555,198610.0,22.934394038568048
Minnesota,2012,3919,131690.0,29.759283165008732
Mississippi,2012,150,23640.0,6.345177664974619
Missouri,2012,1043,109650.0,9.512083903328774
Montana,2012,127,15360.0,8.268229166666666
Nebraska,2012,286,34720.0,8.237327188940093
Nevada,2012,747,27000.0,27.666666666666664
New Hampshire,2012,736,28950.0,25.42314335060449
New Jersey,2012,4213,181480.0,23.214679303504518
New Mexico,2012,439,35310.0,12.4327386009629
New York,2012,7572,321480.0,23.55356476297126
North Carolina,2012,2984,167900.0,17.772483621203097
North Dakota,2012,97,13120.0,7.393292682926829
Ohio,2012,3396,,
Oklahoma,2012,466,50420.0,9.242364141213804
Oregon,2012,2073,75780.0,27.355502771179733
Pennsylvania,2012,3489,,
Rhode Island,2012,302,20180.0,14.965312190287413
South Carolina,2012,826,63170.0,13.075827133132815
South Dakota,2012,120,12000.0,10.0
Tennessee,2012,919,79830.0,11.511962921207566
Texas,2012,8303,493980.0,16.808372808615733
Utah,2012,1134,54720.0,20.723684210526315
Vermont,2012,492,12870.0,38.22843822843823
Virginia,2012,1698,274280.0,6.190753974041126
Washington,2012,5367,,
West Virginia,2012,133,19900.0,6.683417085427135
Wisconsin,2012,1805,103030.0,17.51916917402698
Wyoming,2012,103,8710.0,11.82548794489093
Puerto Rico,2012,37,21750.0,1.7011494252873562
United States,2013,133158,6139220.0,21.68972605640456
Alabama,2013,517,76650.0,6.744944553163731
Alaska,2013,51,15210.0,3.353057199211045
Arizona,2013,2208,123410.0,17.891580909164574
Arkansas,2013,165,30660.0,5.38160469667319
California,2013,36087,849510.0,42.479782462831515
Colorado,2013,2782,154020.0,18.062589274120246
Connecticut,2013,2188,78850.0,27.74889029803424
Delaware,2013,479,22030.0,21.74307762142533
District of Columbia,2013,127,65300.0,1.9448698315467075
Florida,2013,3881,250330.0,15.503535333359965
Georgia,2013,2482,160820.0,15.433403805496829
Hawaii,2013,121,21140.0,5.723746452223273
Idaho,2013,996,25850.0,38.52998065764023
Illinois,2013,4605,226850.0,20.299757549041217
Indiana,2013,1904,100870.0,18.875780707841777
Iowa,2013,944,52440.0,18.001525553012968
Kansas,2013,1015,51240.0,19.80874316939891
Kentucky,2013,559,53920.0,10.367210682492582
Louisiana,2013,394,46750.0,8.427807486631016
Maine,2013,227,18840.0,12.048832271762208
Maryland,2013,1739,186780.0,9.31041867437627
Massachusetts,2013,6421,227780.0,28.189481078233385
Michigan,2013,5059,207800.0,24.345524542829644
Minnesota,2013,4276,133580.0,32.01078005689474
Mississippi,2013,161,24320.0,6.620065789473684
Missouri,2013,1204,105730.0,11.387496453229925
Montana,2013,121,15570.0,7.771355170199101
Nebraska,2013,304,36480.0,8.333333333333334
Nevada,2013,839,26850.0,31.247672253258845
New Hampshire,2013,848,28460.0,29.796205200281097
New Jersey,2013,4690,184720.0,25.38977912516241
New Mexico,2013,456,34900.0,13.065902578796562
New York,2013,8397,333710.0,25.162566300080908
North Carolina,2013,3114,173960.0,17.90066681995861
North Dakota,2013,109,12520.0,8.706070287539935
Ohio,2013,3721,218030.0,17.066458744209513
Oklahoma,2013,553,51900.0,10.655105973025048
Oregon,2013,2179,79040.0,27.56831983805668
Pennsylvania,2013,3961,243850.0,16.24359237236006
Rhode Island,2013,306,20740.0,14.754098360655739
South Carolina,2013,855,65140.0,13.125575683143998
South Dakota,2013,149,12770.0,11.667971808927172
Tennessee,2013,1004,,
Texas,2013,9173,514400.0,17.832426127527217
Utah,2013,1239,57980.0,21.36943773715074
Vermont,2013,535,12920.0,41.408668730650156
Virginia,2013,1900,276230.0,6.8783260326539475
Washington,2013,5808,209710.0,27.695388870344765
West Virginia,2013,150,19490.0,7.6962544894817855
Wisconsin,2013,2024,106210.0,19.05658600885039
Wyoming,2013,101,,
Puerto Rico,2013,22,22790.0,0.9653356735410268
United States,2014,144048,6318580.0,22.797527292524585
Alabama,2014,498,74480.0,6.686358754027927
Alaska,2014,52,14920.0,3.4852546916890077
Arizona,2014,2493,127760.0,19.51314965560426
Arkansas,2014,210,32050.0,6.5522620904836195
California,2014,40505,880850.0,45.98399273429074
Colorado,2014,3125,160700.0,19.44617299315495
Connecticut,2014,2291,79000.0,29.0
Delaware,2014,466,22830.0,20.41173893999124
District of Columbia,2014,154,68820.0,2.2377215925603022
Florida,2014,4155,257450.0,16.13905612740338
Georgia,2014,2660,169940.0,15.652583264681653
Hawaii,2014,124,20900.0,5.9330143540669855
Idaho,2014,1022,26460.0,38.62433862433863
Illinois,2014,5139,235380.0,21.832781034922256
Indiana,2014,2083,104000.0,20.028846153846153
Iowa,2014,999,53440.0,18.693862275449103
Kansas,2014,946,50120.0,18.874700718276138
Kentucky,2014,649,54350.0,11.941122355105795
Louisiana,2014,425,49120.0,8.65228013029316
Maine,2014,200,19410.0,10.303967027305513
Maryland,2014,1850,190080.0,9.732744107744109
Massachusetts,2014,6737,230480.0,29.230301978479694
Michigan,2014,5270,219630.0,23.994900514501662
Minnesota,2014,4582,140190.0,32.684214280619166
Mississippi,2014,157,24860.0,6.315366049879324
Missouri,2014,1263,106980.0,11.805945036455412
Montana,2014,113,15540.0,7.271557271557271
Nebraska,2014,354,36220.0,9.7736057426836
Nevada,2014,818,26890.0,30.420230568984753
New Hampshire,2014,910,28320.0,32.132768361581924
New Jersey,2014,4955,188240.0,26.322779430514235
New Mexico,2014,436,36180.0,12.05085682697623
New York,2014,8755,348740.0,25.104662499283133
North Carolina,2014,3444,181030.0,19.024471082141083
North Dakota,2014,99,12970.0,7.632999228989977
Ohio,2014,3765,219830.0,17.126870763772008
Oklahoma,2014,576,52910.0,10.886410886410886
Oregon,2014,2401,80470.0,29.837206412327575
Pennsylvania,2014,4076,248750.0,16.38592964824121
Rhode Island,2014,350,21210.0,16.5016501650165
South Carolina,2014,927,67300.0,13.774145616641903
South Dakota,2014,129,13220.0,9.757942511346444
Tennessee,2014,1102,86680.0,12.713428703276419
Texas,2014,9922,541060.0,18.33807710789931
Utah,2014,1383,62810.0,22.018786817385767
Vermont,2014,553,13280.0,41.64156626506024
Virginia,2014,2108,272410.0,7.738335597077934
Washington,2014,6433,208630.0,30.834491683842206
West Virginia,2014,137,20110.0,6.812531079065142
Wisconsin,2014,2097,112540.0,18.63337480007109
Wyoming,2014,104,9050.0,11.491712707182321
Puerto Rico,2014,41,23320.0,1.7581475128644939
United States,2015,140517,6536860.0,21.49610057428184
Alabama,2015,486,73190.0,6.640251400464544
Alaska,2015,42,14970.0,2.80561122244489
Arizona,2015,2497,133650.0,18.68312757201646
Arkansas,2015,227,33350.0,6.806596701649175
California,2015,40087,,
Colorado,2015,2996,167400.0,17.897252090800478
Connecticut,2015,2175,79490.0,27.361932318530634
Delaware,2015,386,22750.0,16.967032967032967
District of Columbia,2015,130,69880.0,1.8603319977103605
Florida,2015,3973,271840.0,14.615214832254267
Georgia,2015,2448,,
Hawaii,2015,119,21060.0,5.650522317188984
Idaho,2015,876,28320.0,30.93220338983051
Illinois,2015,5027,245330.0,20.490767537602412
Indiana,2015,2062,104290.0,19.771790200402723
Iowa,2015,1002,52790.0,18.98086758855844
Kansas,2015,924,53660.0,17.21953037644428
Kentucky,2015,671,56190.0,11.941626623954441
Louisiana,2015,394,48440.0,8.133773740710156
Maine,2015,191,19960.0,9.569138276553106
Maryland,2015,1836,193810.0,9.473195397554306
Massachusetts,2015,6762,231640.0,29.191849421516146
Michigan,2015,5500,228140.0,24.108003857280618
Minnesota,2015,4350,143620.0,30.288260687926474
Mississippi,2015,134,25440.0,5.267295597484276
Missouri,2015,1097,110220.0,9.952821629468335
Montana,2015,139,16320.0,8.517156862745097
Nebraska,2015,317,37950.0,8.353096179183137
Nevada,2015,737,28200.0,26.134751773049647
New Hampshire,2015,849,29290.0,28.98600204848071
New Jersey,2015,4509,193440.0,23.30955334987593
New Mexico,2015,447,37510.0,11.916822180751799
New York,2015,8386,368920.0,22.731215439661717
North Carolina,2015,3398,187210.0,18.150739810907538
North Dakota,2015,118,12960.0,9.104938271604938
Ohio,2015,3579,233570.0,15.323029498651369
Oklahoma,2015,552,55170.0,10.005437737901033
Oregon,2015,2358,86350.0,27.307469600463232
Pennsylvania,2015,3846,255170.0,15.072304738017793
Rhode Island,2015,309,21550.0,14.33874709976798
South Carolina,2015,926,68380.0,13.541971336648142
South Dakota,2015,108,13870.0,7.7865897620764235
Tennessee,2015,1011,88820.0,11.382571492907003
Texas,2015,9851,563410.0,17.484602687208252
Utah,2015,1407,64670.0,21.75661048399567
Vermont,2015,446,13710.0,32.5309992706054
Virginia,2015,2121,270990.0,7.826857079597033
Washington,2015,6373,219130.0,29.083192625382196
West Virginia,2015,132,20490.0,6.44216691068814
Wisconsin,2015,2059,117720.0,17.490655793408088
Wyoming,2015,103,8980.0,11.469933184855233
Puerto Rico,2015,33,22930.0,1.439162668992586
United States,2016,143202,6746600.0,21.225802626508166
Alabama,2016,510,72480.0,7.036423841059603
Alaska,2016,57,14340.0,3.9748953974895396
Arizona,2016,2685,138560.0,19.377886836027713
Arkansas,2016,236,33180.0,7.112718505123569
California,2016,40693,932020.0,43.66108023432973
Colorado,2016,3048,175370.0,17.380395734732282
Connecticut,2016,2290,80330.0,28.507406946346318
Delaware,2016,340,24120.0,14.096185737976782
District of Columbia,2016,138,75520.0,1.8273305084745763
Florida,2016,4129,284030.0,14.537196774988558
Georgia,2016,2488,196370.0,12.669959769822276
Hawaii,2016,130,21760.0,5.974264705882352
Idaho,2016,764,29050.0,26.29948364888124
Illinois,2016,4946,260160.0,19.011377613776137
Indiana,2016,2067,106230.0,19.45778028805422
Iowa,2016,925,53580.0,17.263904441955955
Kansas,2016,835,57150.0,14.610673665791776
Kentucky,2016,706,55340.0,12.757499096494398
Louisiana,2016,445,46770.0,9.514646140688477
Maine,2016,174,20580.0,8.454810495626823
Maryland,2016,1871,199860.0,9.361553087161013
Massachusetts,2016,6940,242960.0,28.56437273625288
Michigan,2016,5769,238120.0,24.227280362842265
Minnesota,2016,4229,149360.0,28.314140332083557
Mississippi,2016,149,25280.0,5.893987341772152
Missouri,2016,1214,116670.0,10.405416988086055
Montana,2016,157,15840.0,9.91161616161616
Nebraska,2016,335,39780.0,8.421317244846657
Nevada,2016,768,29460.0,26.069246435845216
New Hampshire,2016,930,30400.0,30.592105263157897
New Jersey,2016,4278,204000.0,20.97058823529412
New Mexico,2016,489,38420.0,12.727745965642894
New York,2016,8709,378600.0,23.003169572107765
North Carolina,2016,3547,199300.0,17.797290516808832
North Dakota,2016,108,14020.0,7.703281027104137
Ohio,2016,3522,239800.0,14.68723936613845
Oklahoma,2016,521,54380.0,9.58072820890033
Oregon,2016,2801,89080.0,31.44364616075438
Pennsylvania,2016,3848,262280.0,14.67134360225713
Rhode Island,2016,337,22000.0,15.318181818181818
South Carolina,2016,1000,71190.0,14.046916701783958
South Dakota,2016,141,14160.0,9.957627118644067
Tennessee,2016,1071,90240.0,11.868351063829788
Texas,2016,10007,566230.0,17.6730303940095
Utah,2016,1328,68630.0,19.35013842342999
Vermont,2016,421,13390.0,31.44137415982076
Virginia,2016,2044,275350.0,7.423279462502269
Washington,2016,6638,227910.0,29.125532008248868
West Virginia,2016,101,20510.0,4.92442710872745
Wisconsin,2016,2165,124000.0,17.45967741935484
Wyoming,2016,104,8460.0,12.293144208037825
Puerto Rico,2016,46,24190.0,1.9016122364613477
United States,2017,150423,6889020.0,21.83518120139004
Alabama,2017,498,73410.0,6.78381691867593
Alaska,2017,55,14810.0,3.713706954760297
Arizona,2017,2770,140300.0,19.743406985032074
Arkansas,2017,262,35690.0,7.340991874474643
California,2017,41961,946680.0,44.32437571301813
Colorado,2017,3182,180660.0,17.61319605889516
Connecticut,2017,2488,82960.0,29.99035679845709
Delaware,2017,323,26470.0,12.202493388741972
District of Columbia,2017,177,76500.0,2.3137254901960786
Florida,2017,4343,293850.0,14.779649481027736
Georgia,2017,2607,200620.0,12.994716379224403
Hawaii,2017,115,21590.0,5.326540064844836
Idaho,2017,728,29250.0,24.888888888888886
Illinois,2017,5071,258920.0,19.58520006179515
Indiana,2017,2279,108850.0,20.937069361506662
Iowa,2017,1085,55050.0,19.709355131698455
Kansas,2017,781,58140.0,13.433092535259718
Kentucky,2017,745,57210.0,13.022198916273378
Louisiana,2017,464,45020.0,10.306530430919592
Maine,2017,211,20550.0,10.267639902676398
Maryland,2017,1949,201310.0,9.681585614226815
Massachusetts,2017,7368,246110.0,29.937832676445492
Michigan,2017,6342,248460.0,25.525235450374304
Minnesota,2017,4453,150210.0,29.64516343785367
Mississippi,2017,181,26050.0,6.948176583493282
Missouri,2017,1258,119440.0,10.532484929671801
Montana,2017,153,17070.0,8.963093145869946
Nebraska,2017,329,41890.0,7.853903079493912
Nevada,2017,752,31520.0,23.85786802030457
New Hampshire,2017,1025,32170.0,31.861983214174696
New Jersey,2017,4487,203270.0,22.07408865056329
New Mexico,2017,496,37020.0,13.398163155051323
New York,2017,9064,392570.0,23.08887586927172
North Carolina,2017,3704,207220.0,17.874722517131552
North Dakota,2017,121,14010.0,8.636688079942898
Ohio,2017,3758,249180.0,15.08146721245686
Oklahoma,2017,575,55460.0,10.367832672196178
Oregon,2017,2963,92790.0,31.93232029313504
Pennsylvania,2017,4215,267350.0,15.76585000935104
Rhode Island,2017,371,23010.0,16.123424598000867
South Carolina,2017,1069,72970.0,14.649856105248732
South Dakota,2017,137,14260.0,9.607293127629735
Tennessee,2017,1106,93320.0,11.851693099014144
Texas,2017,10458,567040.0,18.443143340857787
Utah,2017,1551,73320.0,21.153846153846153
Vermont,2017,413,13160.0,31.382978723404253
Virginia,2017,2204,282830.0,7.792666973093378
Washington,2017,7280,235070.0,30.96949844727103
West Virginia,2017,119,20830.0,5.7129140662506
Wisconsin,2017,2240,125610.0,17.83297508160178
Wyoming,2017,95,7960.0,11.93467336683417
Puerto Rico,2017,33,24610.0,1.3409183258837871
United States,2018,143805,7083690.0,20.300860144924467
Alabama,2018,480,,
Alaska,2018,43,14480.0,2.9696132596685083
Arizona,2018,2512,,
Arkansas,2018,341,35500.0,9.605633802816902
California,2018,39667,989560.0,40.085492542139946
Colorado,2018,2949,187050.0,15.765838011226943
Connecticut,2018,2757,84100.0,32.78240190249702
Delaware,2018,287,26120.0,10.987748851454823
District of Columbia,2018,197,74030.0,2.6610833445900313
Florida,2018,4069,304650.0,13.356310520269162
Georgia,2018,2622,210710.0,12.443642921550946
Hawaii,2018,113,21400.0,5.280373831775701
Idaho,2018,792,30230.0,26.199139927224614
Illinois,2018,4779,263930.0,18.10707384533778
Indiana,2018,2018,,
Iowa,2018,976,58180.0,16.775524235132348
Kansas,2018,745,57720.0,12.907137907137907
Kentucky,2018,679,59080.0,11.492890995260664
Louisiana,2018,426,46240.0,9.21280276816609
Maine,2018,212,21630.0,9.801202034211743
Maryland,2018,1783,206360.0,8.640240356658268
Massachusetts,2018,7104,249400.0,28.484362469927827
Michigan,2018,6403,253850.0,25.223557218830017
Minnesota,2018,4033,154630.0,26.08161417577443
Mississippi,2018,170,26270.0,6.471259992386753
Missouri,2018,1271,125620.0,10.117815634453112
Montana,2018,143,17830.0,8.02019068984857
Nebraska,2018,296,42200.0,7.0142180094786735
Nevada,2018,634,32690.0,19.394310186601405
New Hampshire,2018,913,34780.0,26.250718803910292
New Jersey,2018,3983,211240.0,18.85533042984283
New Mexico,2018,485,36630.0,13.24051324051324
New York,2018,8486,401580.0,21.13153045470392
North Carolina,2018,3532,213120.0,16.572822822822822
North Dakota,2018,124,14750.0,8.40677966101695
Ohio,2018,3888,251630.0,15.451257799149545
Oklahoma,2018,566,55920.0,10.121602288984263
Oregon,2018,2794,94630.0,29.52552044806087
Pennsylvania,2018,3935,,
Rhode Island,2018,358,23310.0,15.358215358215357
South Carolina,2018,1033,75750.0,13.636963696369637
South Dakota,2018,132,14790.0,8.924949290060852
Tennessee,2018,1097,96060.0,11.419945867166355
Texas,2018,10312,581440.0,17.735277930654924
Utah,2018,1502,,
Vermont,2018,367,12890.0,28.47168347556245
Virginia,2018,2363,289420.0,8.164605072213392
Washington,2018,6950,242680.0,28.638536344156915
West Virginia,2018,124,21770.0,5.695911805236563
Wisconsin,2018,2213,129060.0,17.147063381373002
Wyoming,2018,105,8440.0,12.440758293838863
Puerto Rico,2018,42,25040.0,1.6773162939297124
United States,2019,166433,7317290.0,22.745169318149205
Alabama,2019,571,81730.0,6.986418695705371
Alaska,2019,49,14550.0,3.3676975945017182
Arizona,2019,2840,146410.0,19.397582132368008
Arkansas,2019,507,36180.0,14.013266998341624
California,2019,46145,1023530.0,45.08416949185661
Colorado,2019,3394,194490.0,17.450768677052803
Connecticut,2019,3297,85950.0,38.35951134380454
Delaware,2019,288,24650.0,11.683569979716024
District of Columbia,2019,277,77110.0,3.592270781999741
Florida,2019,4627,317650.0,14.566346607901778
Georgia,2019,2878,219770.0,13.095508941165765
Hawaii,2019,127,22040.0,5.762250453720508
Idaho,2019,1009,31840.0,31.68969849246231
Illinois,2019,5631,270460.0,20.820084300820824
Indiana,2019,2331,118010.0,19.75256334208965
Iowa,2019,1198,61540.0,19.467013324666883
Kansas,2019,785,59290.0,13.240006746500253
Kentucky,2019,750,61030.0,12.289038177945274
Louisiana,2019,456,45540.0,10.013175230566535
Maine,2019,243,22180.0,10.955816050495942
Maryland,2019,2192,210700.0,10.40341718082582
Massachusetts,2019,8255,256800.0,32.14563862928349
Michigan,2019,7192,253380.0,28.38424500749862
Minnesota,2019,4397,155230.0,28.325710236423372
Mississippi,2019,201,28890.0,6.95742471443406
Missouri,2019,1577,129050.0,12.220069740410693
Montana,2019,180,18170.0,9.906439185470555
Nebraska,2019,402,43000.0,9.348837209302326
Nevada,2019,814,35180.0,23.13814667424673
New Hampshire,2019,1096,36280.0,30.209481808158767
New Jersey,2019,4488,212670.0,21.103117505995204
New Mexico,2019,533,37550.0,14.194407456724367
New York,2019,9525,408360.0,23.325007346459007
North Carolina,2019,3968,225140.0,17.62458914453229
North Dakota,2019,144,13990.0,10.293066476054324
Ohio,2019,4560,255870.0,17.82155000586235
Oklahoma,2019,607,60210.0,10.081381830260755
Oregon,2019,3224,97730.0,32.98884682287937
Pennsylvania,2019,4252,275350.0,15.442164517886328
Rhode Island,2019,392,24740.0,15.844785772029104
South Carolina,2019,1190,79510.0,14.966670859011446
South Dakota,2019,144,15330.0,9.393346379647749
Tennessee,2019,1170,98650.0,11.860111505321845
Texas,2019,12302,610010.0,20.166882510122786
Utah,2019,1780,84710.0,21.012867430055483
Vermont,2019,371,12560.0,29.538216560509554
Virginia,2019,2748,298440.0,9.207880981101729
Washington,2019,8572,257820.0,33.24800248235203
West Virginia,2019,128,22720.0,5.633802816901409
Wisconsin,2019,2460,136260.0,18.053720827829153
Wyoming,2019,115,9010.0,12.763596004439512
Puerto Rico,2019,47,26410.0,1.7796289284361986
United States,2020,164125,7311810.0,22.446562479057853
Alabama,2020,542,85650.0,6.328079392877992
Alaska,2020,62,13920.0,4.454022988505747
Arizona,2020,2841,154090.0,18.437276916088
Arkansas,2020,454,36200.0,12.541436464088397
California,2020,45927,1013810.0,45.30138783401229
Colorado,2020,3397,200900.0,16.908909905425585
Connecticut,2020,3256,86450.0,37.663389242336606
Delaware,2020,326,23230.0,14.033577270770556
District of Columbia,2020,293,77310.0,3.7899366188073986
Florida,2020,4588,324480.0,14.139546351084814
Georgia,2020,2912,220250.0,13.221339387060159
Hawaii,2020,134,21990.0,6.093678944974989
Idaho,2020,1172,31220.0,37.54003843689942
Illinois,2020,5417,265230.0,20.42378313162161
Indiana,2020,2242,119000.0,18.840336134453782
Iowa,2020,1153,60580.0,19.03268405414328
Kansas,2020,771,62580.0,12.320230105465004
Kentucky,2020,790,60640.0,13.027704485488126
Louisiana,2020,444,44360.0,10.009017132551849
Maine,2020,212,22010.0,9.63198546115402
Maryland,2020,2252,209780.0,10.735055772714272
Massachusetts,2020,8057,251720.0,32.007786429365964
Michigan,2020,6456,236860.0,27.256607278561177
Minnesota,2020,4304,154570.0,27.844989325224816
Mississippi,2020,178,29000.0,6.137931034482759
Missouri,2020,1505,125040.0,12.036148432501598
Montana,2020,150,17990.0,8.337965536409117
Nebraska,2020,380,43280.0,8.78003696857671
Nevada,2020,884,34440.0,25.667828106852497
New Hampshire,2020,1041,35880.0,29.013377926421406
New Jersey,2020,4410,206520.0,21.35386403253922
New Mexico,2020,464,38970.0,11.906594816525532
New York,2020,9296,395200.0,23.522267206477732
North Carolina,2020,3686,230130.0,16.017033850432362
North Dakota,2020,126,12690.0,9.929078014184398
Ohio,2020,4534,248080.0,18.27636246372138
Oklahoma,2020,647,57210.0,11.30921167628037
Oregon,2020,3157,96930.0,32.56989580109357
Pennsylvania,2020,4326,270350.0,16.001479563528758
Rhode Island,2020,395,24090.0,16.39684516396845
South Carolina,2020,1203,78680.0,15.28978139298424
South Dakota,2020,148,15640.0,9.462915601023019
Tennessee,2020,1219,104680.0,11.645013374092471
Texas,2020,12138,620130.0,19.57331527260413
Utah,2020,1705,85440.0,19.955524344569287
Vermont,2020,354,12540.0,28.229665071770334
Virginia,2020,2851,300900.0,9.474908607510802
Washington,2020,8570,283420.0,30.23780961117776
West Virginia,2020,119,23090.0,5.153746210480727
Wisconsin,2020,2443,135900.0,17.976453274466518
Wyoming,2020,133,8780.0,15.148063781321184
Puerto Rico,2020,52,25830.0,2.013162988772745
