State,year,rd-performed-dollar-millions,state-gdop-dollar-millions,rd-perform-perc-of-gdp
United States,1991,160876.0,5875406,2.738125671655712
Alabama,1991,1511.0,76043,1.987033652012677
Alaska,1991,146.0,22283,0.6552080061033074
Arizona,1991,1399.0,73358,1.907085798413261
Arkansas,1991,198.0,41572,0.4762821129606466
California,1991,28346.0,790046,3.587892350571992
Colorado,1991,,79766,
Connecticut,1991,1917.0,101475,1.8891352549889135
Delaware,1991,,21746,
District of Columbia,1991,1737.0,41430,4.192614047791456
Florida,1991,3700.0,267669,1.3823042638482603
Georgia,1991,1479.0,147760,1.0009474824038982
Hawaii,1991,145.0,34357,0.42203917687807435
Idaho,1991,,18852,
Illinois,1991,6413.0,288474,2.223077296394129
Indiana,1991,2347.0,114637,2.0473320132243518
Iowa,1991,777.0,57944,1.3409498826453128
Kansas,1991,,53981,
Kentucky,1991,317.0,71679,0.4422494733464474
Louisiana,1991,453.0,96043,0.47166373395250044
Maine,1991,,23379,
Maryland,1991,5736.0,115428,4.969331531344215
Massachusetts,1991,8565.0,160728,5.328878602359265
Michigan,1991,8851.0,197717,4.476600393491708
Minnesota,1991,2228.0,106103,2.099846375691545
Mississippi,1991,302.0,40862,0.7390729773383584
Missouri,1991,,109162,
Montana,1991,,13875,
Nebraska,1991,211.0,35613,0.5924802740572264
Nevada,1991,261.0,32786,0.7960714939303362
New Hampshire,1991,,24763,
New Jersey,1991,8778.0,221915,3.9555685735529367
New Mexico,1991,2589.0,30295,8.545964680640369
New York,1991,10315.0,497336,2.074050541283961
North Carolina,1991,1965.0,146368,1.342506558810669
North Dakota,1991,,11691,
Ohio,1991,5975.0,233975,2.5536916337215514
Oklahoma,1991,604.0,59632,1.0128789911456935
Oregon,1991,600.0,59441,1.009404283238842
Pennsylvania,1991,7621.0,255163,2.986718293796514
Rhode Island,1991,485.0,21738,2.2311160180329375
South Carolina,1991,594.0,68000,0.8735294117647058
South Dakota,1991,32.0,13736,0.23296447291788003
Tennessee,1991,1142.0,101208,1.1283692988696545
Texas,1991,6635.0,393574,1.6858329056289287
Utah,1991,664.0,33501,1.9820303871526224
Vermont,1991,,11733,
Virginia,1991,2776.0,151093,1.8372790268245385
Washington,1991,3890.0,125895,3.089876484371897
West Virginia,1991,,29092,
Wisconsin,1991,1573.0,104774,1.5013266650123123
Wyoming,1991,41.0,12977,0.31594359250982507
Puerto Rico,1991,,32741,
United States,1993,165730.0,6505140,2.5476776825710132
Alabama,1993,1968.0,84563,2.327258966687558
Alaska,1993,129.0,23284,0.5540285174368665
Arizona,1993,1607.0,89300,1.799552071668533
Arkansas,1993,301.0,47566,0.6328049447084052
California,1993,33721.0,826447,4.080237450193418
Colorado,1993,2864.0,95659,2.993968157726926
Connecticut,1993,2809.0,107680,2.6086552748885588
Delaware,1993,1249.0,23509,5.312858905100174
District of Columbia,1993,2543.0,45356,5.606755445806509
Florida,1993,3525.0,304403,1.15800435606745
Georgia,1993,1577.0,171659,0.9186818052068345
Hawaii,1993,380.0,36732,1.034520309267124
Idaho,1993,478.0,23100,2.069264069264069
Illinois,1993,6777.0,320079,2.117289794082086
Indiana,1993,2560.0,132108,1.937808459745057
Iowa,1993,902.0,63386,1.423027166882277
Kansas,1993,464.0,58953,0.787067664071379
Kentucky,1993,429.0,81618,0.5256193486730868
Louisiana,1993,470.0,95866,0.49026766528279053
Maine,1993,114.0,25202,0.4523450519800016
Maryland,1993,7530.0,125515,5.999282954228578
Massachusetts,1993,9498.0,173527,5.473499801183677
Michigan,1993,10778.0,226368,4.761273678258411
Minnesota,1993,2922.0,117947,2.477383909722163
Mississippi,1993,324.0,47340,0.6844106463878328
Missouri,1993,1789.0,118906,1.5045498124568988
Montana,1993,90.0,16054,0.5606079481749097
Nebraska,1993,295.0,39353,0.7496251874062968
Nevada,1993,219.0,40039,0.5469667074602262
New Hampshire,1993,439.0,27362,1.6044148819530737
New Jersey,1993,9181.0,240389,3.8192263373116075
New Mexico,1993,2752.0,36876,7.462848465126369
New York,1993,10974.0,537504,2.0416592248615824
North Carolina,1993,2745.0,168006,1.6338702189207528
North Dakota,1993,92.0,13049,0.7050348685723044
Ohio,1993,6398.0,259612,2.4644469439008985
Oklahoma,1993,533.0,65552,0.8130949475225776
Oregon,1993,774.0,69409,1.1151291619242463
Pennsylvania,1993,8278.0,281704,2.9385454235651602
Rhode Island,1993,484.0,23566,2.053806331155054
South Carolina,1993,713.0,76158,0.9362115601775257
South Dakota,1993,59.0,16105,0.3663458553244334
Tennessee,1993,1213.0,119568,1.014485481065168
Texas,1993,6966.0,443775,1.5697143822883217
Utah,1993,751.0,38631,1.94403458362455
Vermont,1993,343.0,13027,2.6329930145083287
Virginia,1993,2939.0,167688,1.7526597013501264
Washington,1993,5422.0,142500,3.804912280701754
West Virginia,1993,280.0,31881,0.8782660518804303
Wisconsin,1993,1852.0,120024,1.543024728387656
Wyoming,1993,63.0,13791,0.45681966499891236
Puerto Rico,1993,,37442,
United States,1995,183625.0,7342618,2.500811018631229
Alabama,1995,1681.0,95819,1.7543493461630781
Alaska,1995,163.0,25449,0.6404966796337773
Arizona,1995,1957.0,109906,1.7806125234291121
Arkansas,1995,330.0,54612,0.6042627993847506
California,1995,36036.0,911577,3.9531493225476293
Colorado,1995,2701.0,112708,2.39645810412748
Connecticut,1995,4311.0,123212,3.4988475148524496
Delaware,1995,1149.0,27721,4.14487211861044
District of Columbia,1995,3128.0,47094,6.642035078778613
Florida,1995,5223.0,346951,1.505399897968301
Georgia,1995,2112.0,203397,1.0383633976902313
Hawaii,1995,169.0,37763,0.4475280036014088
Idaho,1995,914.0,27762,3.2922700093653194
Illinois,1995,7483.0,364451,2.0532252621065656
Indiana,1995,3162.0,150404,2.1023377037844737
Iowa,1995,1391.0,73137,1.9019101138958394
Kansas,1995,764.0,65282,1.170307282252382
Kentucky,1995,594.0,91915,0.6462492520263287
Louisiana,1995,423.0,112876,0.37474751054254224
Maine,1995,345.0,28153,1.2254466664298655
Maryland,1995,6865.0,139070,4.936362982670597
Massachusetts,1995,9970.0,196409,5.0761421319796955
Michigan,1995,13275.0,256615,5.173119264267482
Minnesota,1995,3087.0,135124,2.2845682484236702
Mississippi,1995,315.0,54984,0.5728939327804452
Missouri,1995,2498.0,140060,1.7835213479937169
Montana,1995,119.0,17519,0.6792625149837319
Nebraska,1995,336.0,45111,0.7448294207621201
Nevada,1995,445.0,49249,0.9035716461247943
New Hampshire,1995,598.0,31876,1.8760195758564437
New Jersey,1995,9128.0,263468,3.4645573656003763
New Mexico,1995,3295.0,42146,7.818061025957386
New York,1995,10955.0,582656,1.8801831612478033
North Carolina,1995,3192.0,193467,1.6498937803346307
North Dakota,1995,98.0,14842,0.6602883708395094
Ohio,1995,5315.0,297538,1.7863264524195228
Oklahoma,1995,529.0,70859,0.7465530137314949
Oregon,1995,1089.0,81554,1.3353115727002967
Pennsylvania,1995,6919.0,312989,2.210620820540019
Rhode Island,1995,897.0,25550,3.5107632093933465
South Carolina,1995,996.0,87248,1.141573445809646
South Dakota,1995,55.0,18054,0.30464163066356487
Tennessee,1995,1394.0,137061,1.0170653942405206
Texas,1995,8385.0,507725,1.6514845634940174
Utah,1995,1144.0,46746,2.4472682154622856
Vermont,1995,308.0,13891,2.217262976027644
Virginia,1995,3897.0,186236,2.092506282351425
Washington,1995,5241.0,155069,3.3797857727850182
West Virginia,1995,475.0,36149,1.3140059199424605
Wisconsin,1995,2226.0,135311,1.6450990680728101
Wyoming,1995,87.0,14608,0.5955640744797371
Puerto Rico,1995,,43246,
United States,1997,211894.0,8626416,2.45633876223915
Alabama,1997,1637.0,104812,1.5618440636568331
Alaska,1997,136.0,25811,0.5269071326178761
Arizona,1997,2410.0,132281,1.8218791814395112
Arkansas,1997,272.0,59846,0.4544998830331184
California,1997,41670.0,1071117,3.890331308344466
Colorado,1997,3205.0,136899,2.3411420098028475
Connecticut,1997,3454.0,138332,2.4968915363039645
Delaware,1997,1089.0,33353,3.265073606572123
District of Columbia,1997,2768.0,52504,5.271979277769312
Florida,1997,4784.0,401535,1.191427895451206
Georgia,1997,2272.0,242541,0.9367488383407341
Hawaii,1997,275.0,37707,0.7293075556262762
Idaho,1997,1270.0,29497,4.305522595518188
Illinois,1997,8034.0,415535,1.9334111446689208
Indiana,1997,3149.0,170432,1.8476577168606834
Iowa,1997,980.0,82720,1.1847195357833655
Kansas,1997,1351.0,74662,1.8094880930058128
Kentucky,1997,526.0,104546,0.503127809767949
Louisiana,1997,554.0,116313,0.4763010153637169
Maine,1997,149.0,30618,0.486641844666536
Maryland,1997,7395.0,159372,4.640087342820571
Massachusetts,1997,11097.0,237267,4.67700944505557
Michigan,1997,13991.0,299818,4.6664976752563225
Minnesota,1997,3605.0,156351,2.3057095893214625
Mississippi,1997,370.0,58353,0.6340719414597364
Missouri,1997,1826.0,163176,1.1190371133009758
Montana,1997,199.0,19290,1.0316226023846553
Nebraska,1997,275.0,49819,0.5519982336056525
Nevada,1997,517.0,60259,0.8579631258401235
New Hampshire,1997,799.0,38207,2.091239825162928
New Jersey,1997,12067.0,307817,3.920186344483898
New Mexico,1997,3028.0,52476,5.770256879335315
New York,1997,12307.0,718814,1.7121258072324692
North Carolina,1997,4667.0,233935,1.9949986107252016
North Dakota,1997,116.0,15761,0.7359939090159253
Ohio,1997,7145.0,343430,2.080482194333634
Oklahoma,1997,644.0,79044,0.8147360963513992
Oregon,1997,1520.0,100915,1.5062181043452412
Pennsylvania,1997,8209.0,356988,2.2995170706018127
Rhode Island,1997,1040.0,28929,3.5950084690103354
South Carolina,1997,1040.0,97425,1.0674878111367718
South Dakota,1997,71.0,19031,0.37307550838106246
Tennessee,1997,1566.0,154382,1.0143669598787424
Texas,1997,9487.0,610157,1.5548457200359906
Utah,1997,1381.0,57684,2.394078080576936
Vermont,1997,314.0,15455,2.031704949854416
Virginia,1997,4136.0,215102,1.9228087140054486
Washington,1997,7543.0,193826,3.891634765201779
West Virginia,1997,427.0,38778,1.1011398215483006
Wisconsin,1997,2256.0,153432,1.4703582042859378
Wyoming,1997,87.0,14655,0.593654042988741
Puerto Rico,1997,,48864,
United States,1998,225759.0,9117663,2.4760621224978374
Alabama,1998,1926.0,110212,1.7475411026022576
Alaska,1998,,24228,
Arizona,1998,2318.0,143303,1.617551621389643
Arkansas,1998,283.0,62397,0.45354744619132326
California,1998,43919.0,1147520,3.8272971277189067
Colorado,1998,4565.0,150330,3.036652697399055
Connecticut,1998,3559.0,145476,2.4464516483818635
Delaware,1998,2556.0,37106,6.8883738478952194
District of Columbia,1998,2606.0,54815,4.7541731277934876
Florida,1998,4773.0,429138,1.1122296324259329
Georgia,1998,2492.0,265347,0.9391476067187494
Hawaii,1998,242.0,37623,0.6432235600563485
Idaho,1998,1127.0,31060,3.628461043142305
Illinois,1998,8830.0,436567,2.0225990512338314
Indiana,1998,3089.0,184360,1.6755261444998917
Iowa,1998,1054.0,84644,1.2452152544775767
Kansas,1998,1518.0,78382,1.9366691332193615
Kentucky,1998,645.0,109382,0.5896765464153152
Louisiana,1998,542.0,120198,0.45092264430356577
Maine,1998,159.0,32156,0.4944644856325414
Maryland,1998,8019.0,169982,4.717558329705499
Massachusetts,1998,13382.0,249299,5.367851455481169
Michigan,1998,13655.0,312688,4.366972829145986
Minnesota,1998,3818.0,166905,2.287528833767712
Mississippi,1998,366.0,60940,0.6005907449950771
Missouri,1998,1868.0,169483,1.102175439424603
Montana,1998,191.0,20429,0.9349454207254393
Nebraska,1998,315.0,51822,0.6078499478985759
Nevada,1998,571.0,65114,0.8769235494670884
New Hampshire,1998,1340.0,40554,3.3042363268728114
New Jersey,1998,11368.0,319861,3.5540437877703126
New Mexico,1998,3032.0,50659,5.985116168893978
New York,1998,13731.0,745502,1.8418461654026412
North Carolina,1998,4560.0,246890,1.8469763862448862
North Dakota,1998,119.0,16817,0.7076172920259262
Ohio,1998,6970.0,361638,1.9273417063472311
Oklahoma,1998,513.0,81197,0.6317967412589135
Oregon,1998,1910.0,105147,1.8165045127297972
Pennsylvania,1998,8762.0,373749,2.3443540986062836
Rhode Island,1998,1677.0,30819,5.441448457120607
South Carolina,1998,989.0,103456,0.9559619548407052
South Dakota,1998,60.0,20228,0.2966185485465691
Tennessee,1998,2503.0,167395,1.495265688939335
Texas,1998,10774.0,645143,1.6700173449917304
Utah,1998,1495.0,62296,2.3998330550918197
Vermont,1998,175.0,16081,1.088240781045955
Virginia,1998,4934.0,231384,2.1323859903882725
Washington,1998,8466.0,209741,4.036406806489909
West Virginia,1998,421.0,40015,1.0521054604523303
Wisconsin,1998,2501.0,162609,1.5380452496479284
Wyoming,1998,65.0,14840,0.43800539083557954
Puerto Rico,1998,,54846,
United States,1999,244451.0,9689826,2.5227594386111782
Alabama,1999,1761.0,115680,1.5223029045643153
Alaska,1999,152.0,24744,0.6142903330100227
Arizona,1999,5091.0,155756,3.268573923315956
Arkansas,1999,378.0,66811,0.5657750969151786
California,1999,47965.0,1241900,3.8622272324663824
Colorado,1999,4209.0,163763,2.570177634752661
Connecticut,1999,4436.0,152288,2.912901870140786
Delaware,1999,1343.0,40345,3.3287891932085762
District of Columbia,1999,2510.0,58819,4.267328584300991
Florida,1999,4265.0,458059,0.9311027618712874
Georgia,1999,2960.0,289188,1.0235556108828858
Hawaii,1999,270.0,38991,0.6924674924982688
Idaho,1999,1309.0,34240,3.823014018691589
Illinois,1999,9719.0,460331,2.1113068639739665
Indiana,1999,2763.0,193147,1.430516653119127
Iowa,1999,1003.0,87782,1.1426032671846165
Kansas,1999,1556.0,81884,1.9002491329197402
Kentucky,1999,968.0,115107,0.8409566750936086
Louisiana,1999,626.0,125807,0.49758757461826447
Maine,1999,225.0,34413,0.6538226832882922
Maryland,1999,8087.0,180262,4.486247794876347
Massachusetts,1999,12190.0,264644,4.606187935490698
Michigan,1999,18799.0,338312,5.55670505332356
Minnesota,1999,3905.0,175759,2.2217923406482742
Mississippi,1999,476.0,63879,0.7451588158862851
Missouri,1999,2009.0,177738,1.1303154080725564
Montana,1999,169.0,20812,0.8120315202767634
Nebraska,1999,417.0,53685,0.7767532830399553
Nevada,1999,458.0,71596,0.6397005419297167
New Hampshire,1999,1256.0,41955,2.9936837087355497
New Jersey,1999,10536.0,336065,3.135107791647449
New Mexico,1999,3279.0,53017,6.184808646283268
New York,1999,14110.0,795230,1.774329439281717
North Carolina,1999,5268.0,265376,1.9851079223441457
North Dakota,1999,168.0,17067,0.9843557743012831
Ohio,1999,8082.0,376465,2.146813116757202
Oklahoma,1999,664.0,84224,0.7883738601823709
Oregon,1999,1974.0,107622,1.8341974689189942
Pennsylvania,1999,10695.0,390917,2.7358748788105918
Rhode Island,1999,1651.0,32267,5.116682678897945
South Carolina,1999,979.0,110242,0.888046298144083
South Dakota,1999,60.0,21079,0.2846434840362446
Tennessee,1999,2290.0,176282,1.2990549233614324
Texas,1999,12429.0,679870,1.828143615691235
Utah,1999,1474.0,66019,2.232690589072843
Vermont,1999,389.0,17177,2.264656226349188
Virginia,1999,5100.0,249801,2.0416251336063507
Washington,1999,8336.0,229798,3.6275337470300006
West Virginia,1999,439.0,41714,1.052404468523757
Wisconsin,1999,2566.0,172224,1.4899201040505388
Wyoming,1999,66.0,15680,0.42091836734693877
Puerto Rico,1999,,58654,
United States,2000,267950.0,10313521,2.5980458080223037
Alabama,2000,1730.0,119852,1.4434469178653673
Alaska,2000,196.0,26807,0.7311523109635543
Arizona,2000,3107.0,165111,1.8817643888051068
Arkansas,2000,454.0,68679,0.6610463169236593
California,2000,55093.0,1356975,4.059986366734833
Colorado,2000,4230.0,180063,2.349177787774279
Connecticut,2000,4888.0,165614,2.9514413032714626
Delaware,2000,1532.0,43451,3.5258106832984284
District of Columbia,2000,2296.0,61093,3.7582047043032754
Florida,2000,4663.0,490430,0.950798279061232
Georgia,2000,2796.0,305572,0.9150053015328629
Hawaii,2000,291.0,41097,0.708080881816191
Idaho,2000,1434.0,38083,3.76545965391382
Illinois,2000,12767.0,487015,2.6214798312166976
Indiana,2000,3252.0,203801,1.5956742116083826
Iowa,2000,1017.0,93112,1.0922330097087378
Kansas,2000,1420.0,86099,1.6492642190966214
Kentucky,2000,866.0,114169,0.7585246432919619
Louisiana,2000,627.0,132641,0.4727045182108096
Maine,2000,319.0,36890,0.8647329899701817
Maryland,2000,8634.0,192021,4.496383208086615
Massachusetts,2000,13004.0,288791,4.502910409257907
Michigan,2000,18892.0,352152,5.3647288670801245
Minnesota,2000,4299.0,191515,2.2447327885544213
Mississippi,2000,513.0,65673,0.7811429354529258
Missouri,2000,2583.0,186650,1.3838735601392982
Montana,2000,170.0,21877,0.7770718105773187
Nebraska,2000,439.0,56528,0.7766062836116615
Nevada,2000,377.0,76833,0.4906745799331017
New Hampshire,2000,775.0,45342,1.7092320585770366
New Jersey,2000,13133.0,361005,3.637899752080996
New Mexico,2000,3085.0,55105,5.598403048725161
New York,2000,13556.0,841181,1.6115437700090707
North Carolina,2000,5045.0,278009,1.8146894524997392
North Dakota,2000,146.0,18100,0.8066298342541436
Ohio,2000,7662.0,392277,1.9532116336160417
Oklahoma,2000,660.0,91094,0.724526313478385
Oregon,2000,2116.0,117155,1.806154240109257
Pennsylvania,2000,9842.0,409160,2.4054159741910253
Rhode Island,2000,1501.0,34467,4.354890184814461
South Carolina,2000,1126.0,115321,0.9764049912851952
South Dakota,2000,85.0,22743,0.37374137097128785
Tennessee,2000,2057.0,182247,1.128687989377054
Texas,2000,11552.0,738677,1.563877039626251
Utah,2000,1361.0,70296,1.9360987822920224
Vermont,2000,465.0,18341,2.535303418570416
Virginia,2000,5069.0,268471,1.8880996457717965
Washington,2000,10516.0,237378,4.430065128192166
West Virginia,2000,457.0,42496,1.0753953313253013
Wisconsin,2000,2693.0,180427,1.4925704024342255
Wyoming,2000,61.0,17153,0.35562292310383026
Puerto Rico,2000,,62569,
United States,2002,277911.0,11001739,2.526064288563835
Alabama,2002,2323.0,127505,1.8218893376730323
Alaska,2002,308.0,29757,1.03505057633498
Arizona,2002,4096.0,180522,2.2689755265286227
Arkansas,2002,427.0,74114,0.5761394608306123
California,2002,51388.0,1418430,3.622878816719895
Colorado,2002,4218.0,190019,2.2197780221977803
Connecticut,2002,6774.0,173248,3.9100018470631692
Delaware,2002,1319.0,45508,2.8983914916058713
District of Columbia,2002,2706.0,69920,3.8701372997711667
Florida,2002,5498.0,553010,0.9941954033380952
Georgia,2002,3935.0,327051,1.2031762630293135
Hawaii,2002,456.0,44644,1.0214138518053937
Idaho,2002,1370.0,38673,3.542523207405684
Illinois,2002,10190.0,514361,1.9810988780253558
Indiana,2002,4326.0,212838,2.032531784737688
Iowa,2002,1346.0,98557,1.36570715423562
Kansas,2002,1865.0,91584,2.0363819007686934
Kentucky,2002,1128.0,122435,0.9213051823416507
Louisiana,2002,858.0,139801,0.61372951552564
Maine,2002,429.0,40466,1.0601492611080907
Maryland,2002,9030.0,217837,4.14530130326804
Massachusetts,2002,14316.0,301836,4.742973005208126
Michigan,2002,15082.0,363661,4.147269022523724
Minnesota,2002,5247.0,203714,2.575669811598614
Mississippi,2002,691.0,69260,0.9976898642795264
Missouri,2002,2478.0,197558,1.2543151884509864
Montana,2002,236.0,23942,0.9857154790744298
Nebraska,2002,663.0,61417,1.0795056743246985
Nevada,2002,524.0,85009,0.6164053217894576
New Hampshire,2002,1435.0,49060,2.9249898083978803
New Jersey,2002,13020.0,386133,3.371895176014482
New Mexico,2002,4689.0,57808,8.111334071408802
New York,2002,13354.0,890258,1.5000146025084864
North Carolina,2002,5135.0,297846,1.724045312006876
North Dakota,2002,295.0,20195,1.4607576132706115
Ohio,2002,8310.0,411035,2.0217256438016227
Oklahoma,2002,793.0,99479,0.7971531680053077
Oregon,2002,2892.0,120666,2.396698324300134
Pennsylvania,2002,9763.0,440972,2.21397276924612
Rhode Island,2002,1639.0,37809,4.334946705810785
South Carolina,2002,1668.0,124864,1.3358534085084572
South Dakota,2002,111.0,26322,0.42170047868702987
Tennessee,2002,2568.0,195764,1.3117835761427026
Texas,2002,14223.0,789818,1.8007946134425905
Utah,2002,1572.0,75797,2.073960710846076
Vermont,2002,398.0,20273,1.9632022887584473
Virginia,2002,5895.0,295356,1.995896477471255
Washington,2002,10511.0,245979,4.273129006947748
West Virginia,2002,542.0,45581,1.189091946205656
Wisconsin,2002,3585.0,194659,1.8416821210424383
Wyoming,2002,80.0,19166,0.41740582281122823
Puerto Rico,2002,,72631,
United States,2003,291365.0,11532329,2.5265061376587505
Alabama,2003,2543.0,134153,1.8955968185579153
Alaska,2003,321.0,32038,1.0019352019476873
Arizona,2003,3578.0,193635,1.8478064399514553
Arkansas,2003,509.0,78695,0.6468009403392846
California,2003,59664.0,1497919,3.9831259233643475
Colorado,2003,5012.0,196127,2.5554870058686463
Connecticut,2003,6548.0,178702,3.6642007364215288
Delaware,2003,1414.0,47686,2.9652308853751626
District of Columbia,2003,2686.0,73957,3.631840123314899
Florida,2003,5172.0,590483,0.8758931247808996
Georgia,2003,3923.0,342576,1.1451473541637476
Hawaii,2003,438.0,48166,0.9093551467840385
Idaho,2003,1209.0,40491,2.9858487071201005
Illinois,2003,11045.0,533023,2.0721432283409906
Indiana,2003,4487.0,225443,1.9903035357052556
Iowa,2003,1451.0,105123,1.3802878532766378
Kansas,2003,2024.0,95360,2.12248322147651
Kentucky,2003,1014.0,127982,0.7922989170352082
Louisiana,2003,954.0,155092,0.615118768214995
Maine,2003,372.0,42315,0.8791208791208791
Maryland,2003,10162.0,228959,4.438349224096891
Massachusetts,2003,15638.0,311189,5.025241894797053
Michigan,2003,16884.0,374174,4.512339179098494
Minnesota,2003,5842.0,215722,2.708115074030465
Mississippi,2003,1519.0,73962,2.0537573348476243
Missouri,2003,2731.0,205589,1.3283784638283176
Montana,2003,247.0,25715,0.960528874197939
Nebraska,2003,710.0,66402,1.0692449022619799
Nevada,2003,579.0,90634,0.6388331089877971
New Hampshire,2003,1664.0,51638,3.222433091909059
New Jersey,2003,12795.0,400985,3.190892427397533
New Mexico,2003,4977.0,62651,7.944007278415348
New York,2003,13031.0,912475,1.4280939203813803
North Carolina,2003,6343.0,310389,2.043564688181604
North Dakota,2003,382.0,22061,1.7315624858347307
Ohio,2003,8583.0,423780,2.025343338524706
Oklahoma,2003,968.0,105714,0.9156781504814878
Oregon,2003,3572.0,126672,2.8198812681571304
Pennsylvania,2003,9944.0,460271,2.1604663339641212
Rhode Island,2003,1757.0,39638,4.432615167263737
South Carolina,2003,1616.0,131567,1.2282715270546565
South Dakota,2003,149.0,27216,0.547472075249853
Tennessee,2003,2998.0,205126,1.4615407115626493
Texas,2003,14785.0,833342,1.7741815485118957
Utah,2003,1506.0,78945,1.9076572297168914
Vermont,2003,492.0,21293,2.3106185131263794
Virginia,2003,7582.0,311666,2.4327324764331046
Washington,2003,11469.0,255370,4.4911305165054625
West Virginia,2003,538.0,47040,1.1437074829931972
Wisconsin,2003,3642.0,203339,1.7910976251481514
Wyoming,2003,113.0,21194,0.5331697650278381
Puerto Rico,2003,,75879,
United States,2004,302731.0,12297518,2.4617243902387456
Alabama,2004,2760.0,147715,1.8684629184578412
Alaska,2004,271.0,35302,0.7676618888448247
Arizona,2004,3544.0,206541,1.7158820766821115
Arkansas,2004,514.0,85200,0.6032863849765259
California,2004,59607.0,1588177,3.7531710886129193
Colorado,2004,5497.0,204167,2.6924037675040533
Connecticut,2004,7881.0,195355,4.034194159350926
Delaware,2004,1182.0,51354,2.301670755929431
District of Columbia,2004,2383.0,80140,2.9735462939855255
Florida,2004,5409.0,646631,0.8364894352420469
Georgia,2004,3655.0,364782,1.001968298874396
Hawaii,2004,490.0,52354,0.9359361271345074
Idaho,2004,1006.0,44328,2.269445948384768
Illinois,2004,11300.0,563061,2.0068873532352622
Indiana,2004,5130.0,239744,2.139782434596903
Iowa,2004,1625.0,117189,1.3866489175605219
Kansas,2004,2169.0,99083,2.1890738068084334
Kentucky,2004,1006.0,135529,0.7422765607360786
Louisiana,2004,972.0,171006,0.5684011087330268
Maine,2004,384.0,45210,0.849369608493696
Maryland,2004,14341.0,245125,5.850484446710862
Massachusetts,2004,15987.0,326737,4.8929261148875085
Michigan,2004,16722.0,385621,4.336382095373437
Minnesota,2004,5992.0,231267,2.5909446656894413
Mississippi,2004,651.0,77998,0.834636785558604
Missouri,2004,3038.0,217084,1.3994582742164323
Montana,2004,295.0,28161,1.0475480274137992
Nebraska,2004,740.0,70469,1.0501071393094836
Nevada,2004,623.0,103231,0.603500886361655
New Hampshire,2004,1665.0,54918,3.0317928548017044
New Jersey,2004,12460.0,414849,3.003502479215329
New Mexico,2004,5114.0,69957,7.3102048401160715
New York,2004,13113.0,967152,1.355836517941337
North Carolina,2004,6491.0,329879,1.9676911837370672
North Dakota,2004,558.0,23259,2.3990713272281696
Ohio,2004,7816.0,446225,1.7515827217211049
Oklahoma,2004,814.0,113874,0.7148251576303634
Oregon,2004,3664.0,135647,2.701128664843307
Pennsylvania,2004,10813.0,487306,2.2189343041128162
Rhode Island,2004,1840.0,42364,4.3433103578510055
South Carolina,2004,1599.0,136982,1.1673066534289176
South Dakota,2004,149.0,29271,0.5090362474804414
Tennessee,2004,3180.0,219328,1.449883279836592
Texas,2004,14266.0,913444,1.5617815651534193
Utah,2004,1602.0,86082,1.8610162403289887
Vermont,2004,546.0,22938,2.3803295840962595
Virginia,2004,7345.0,332115,2.21158333709709
Washington,2004,10936.0,268378,4.074849652356005
West Virginia,2004,523.0,49741,1.0514464928328744
Wisconsin,2004,3675.0,215537,1.7050436815952714
Wyoming,2004,98.0,23429,0.4182850313713774
Puerto Rico,2004,,80322,
United States,2005,325288.0,13123112,2.478741322942302
Alabama,2005,2804.0,158847,1.7652206211008075
Alaska,2005,266.0,40357,0.6591173774066458
Arizona,2005,4139.0,227916,1.8160199371698345
Arkansas,2005,528.0,90888,0.5809347768682335
California,2005,63874.0,1698560,3.7604794649585527
Colorado,2005,5807.0,220784,2.630172476266396
Connecticut,2005,8987.0,205215,4.379309504665838
Delaware,2005,1635.0,52154,3.134946504582582
District of Columbia,2005,3342.0,84868,3.9378800018852806
Florida,2005,6224.0,705852,0.8817712494970616
Georgia,2005,3867.0,389538,0.9927144463441306
Hawaii,2005,513.0,57369,0.8942111593369242
Idaho,2005,1030.0,48643,2.117468083794174
Illinois,2005,12519.0,589812,2.1225407417956905
Indiana,2005,5455.0,248171,2.1980811617795792
Iowa,2005,1669.0,123191,1.3548067634810983
Kansas,2005,2366.0,105526,2.2421014726228607
Kentucky,2005,1136.0,145011,0.7833888463633794
Louisiana,2005,966.0,199595,0.483980059620732
Maine,2005,524.0,47079,1.1130227914781539
Maryland,2005,14136.0,262100,5.393361312476154
Massachusetts,2005,17757.0,341993,5.192211536493438
Michigan,2005,18372.0,400269,4.589913283316969
Minnesota,2005,7137.0,245381,2.908538150875577
Mississippi,2005,777.0,82449,0.9424007568314959
Missouri,2005,3627.0,227971,1.5909918366809814
Montana,2005,318.0,30876,1.0299261562378548
Nebraska,2005,800.0,74565,1.0728894253336017
Nevada,2005,614.0,116166,0.5285539658764182
New Hampshire,2005,1776.0,56953,3.1183607536038487
New Jersey,2005,14900.0,435737,3.4194938690081402
New Mexico,2005,5265.0,73911,7.123432236067703
New York,2005,14103.0,1016038,1.388038636350215
North Carolina,2005,7329.0,355470,2.061777365178496
North Dakota,2005,285.0,24700,1.153846153846154
Ohio,2005,8267.0,468892,1.7630925671583222
Oklahoma,2005,814.0,125082,0.6507730928510898
Oregon,2005,3920.0,143508,2.7315550352593583
Pennsylvania,2005,11916.0,511731,2.328567157354157
Rhode Island,2005,1990.0,44374,4.484608103844594
South Carolina,2005,2108.0,145404,1.449753789441831
South Dakota,2005,157.0,30997,0.506500629093138
Tennessee,2005,3009.0,231634,1.2990320937340805
Texas,2005,15867.0,995252,1.5942695920229246
Utah,2005,1886.0,95355,1.9778721619212416
Vermont,2005,493.0,23609,2.0881867084586383
Virginia,2005,8568.0,358070,2.392828217946212
Washington,2005,11864.0,293676,4.039826203026465
West Virginia,2005,567.0,53493,1.0599517693903875
Wisconsin,2005,3802.0,227297,1.672701355495233
Wyoming,2005,122.0,27576,0.4424136930664345
Puerto Rico,2005,,83915,
United States,2006,350908.0,13902859,2.523998840813965
Alabama,2006,3300.0,166469,1.9823510683670835
Alaska,2006,291.0,45094,0.6453186676719741
Arizona,2006,4760.0,245957,1.9352976333261507
Arkansas,2006,572.0,95875,0.5966101694915255
California,2006,71335.0,1812210,3.936353954563765
Colorado,2006,6153.0,232647,2.644779429779881
Connecticut,2006,9049.0,219768,4.117523934330749
Delaware,2006,1588.0,55174,2.878167252691485
District of Columbia,2006,3762.0,88125,4.268936170212766
Florida,2006,6339.0,750524,0.8446098992170803
Georgia,2006,4440.0,406016,1.0935529634300125
Hawaii,2006,518.0,60847,0.8513155948526632
Idaho,2006,927.0,51126,1.8131674686069712
Illinois,2006,13609.0,624243,2.180080513517973
Indiana,2006,5784.0,259603,2.228017395792807
Iowa,2006,1715.0,127896,1.3409332582723463
Kansas,2006,2441.0,114092,2.139501454966168
Kentucky,2006,1342.0,153408,0.8747914059240717
Louisiana,2006,972.0,207774,0.467815992376332
Maine,2006,450.0,49045,0.9175247221939036
Maryland,2006,14493.0,274145,5.286618395374711
Massachusetts,2006,20577.0,359270,5.727447323739806
Michigan,2006,18189.0,401869,4.526101789389079
Minnesota,2006,7149.0,252296,2.8335764340298697
Mississippi,2006,758.0,87100,0.8702640642939151
Missouri,2006,3650.0,236386,1.5440846750653592
Montana,2006,307.0,33166,0.9256467466682747
Nebraska,2006,840.0,78814,1.0658004922983226
Nevada,2006,792.0,125848,0.6293306210666836
New Hampshire,2006,2121.0,60017,3.5339987003682287
New Jersey,2006,16259.0,457593,3.5531575002239983
New Mexico,2006,5789.0,77610,7.459090323411932
New York,2006,14366.0,1075155,1.3361794345931517
North Carolina,2006,7710.0,387525,1.9895490613508804
North Dakota,2006,316.0,26501,1.1924078336666541
Ohio,2006,9431.0,482738,1.953647734381797
Oklahoma,2006,888.0,137437,0.6461142196060741
Oregon,2006,4104.0,153593,2.671996770686164
Pennsylvania,2006,12929.0,531274,2.433584176903067
Rhode Island,2006,2000.0,47204,4.236929073807304
South Carolina,2006,2164.0,153648,1.4084140372800167
South Dakota,2006,191.0,32365,0.5901436737216129
Tennessee,2006,3263.0,243584,1.3395789542827115
Texas,2006,17059.0,1103198,1.5463226002947794
Utah,2006,1945.0,106537,1.8256568140645972
Vermont,2006,493.0,24332,2.0261384185434816
Virginia,2006,9867.0,376236,2.6225560552419225
Washington,2006,13585.0,314265,4.3227849108236684
West Virginia,2006,534.0,57010,0.9366777758288019
Wisconsin,2006,4132.0,237569,1.7392841658633913
Wyoming,2006,129.0,32740,0.39401343921808185
Puerto Rico,2006,,87276,
United States,2007,377890.0,14563752,2.5947297097616056
Alabama,2007,3289.0,172975,1.9014308426073132
Alaska,2007,311.0,49584,0.6272184575669572
Arizona,2007,5006.0,261392,1.915131297055763
Arkansas,2007,632.0,98382,0.642393933849688
California,2007,77608.0,1898902,4.086993430940617
Colorado,2007,6828.0,248447,2.7482722673246207
Connecticut,2007,10228.0,234541,4.3608580162956585
Delaware,2007,1607.0,56613,2.8385706463179834
District of Columbia,2007,3862.0,93785,4.117929306392281
Florida,2007,7158.0,782713,0.9145114492796209
Georgia,2007,4425.0,419606,1.0545607069488996
Hawaii,2007,592.0,64164,0.9226357459011283
Idaho,2007,1115.0,53935,2.0673032353759155
Illinois,2007,14287.0,650145,2.1975097862784456
Indiana,2007,5980.0,273510,2.186391722423312
Iowa,2007,1882.0,137930,1.364460233451751
Kansas,2007,1697.0,123879,1.369885129844445
Kentucky,2007,1406.0,157164,0.8946069074342725
Louisiana,2007,1073.0,203041,0.5284646943228215
Maine,2007,485.0,50459,0.9611764006421055
Maryland,2007,14130.0,282966,4.993532791925532
Massachusetts,2007,24557.0,378519,6.487653195744467
Michigan,2007,17402.0,409615,4.248379575943264
Minnesota,2007,7533.0,262063,2.8744996432155627
Mississippi,2007,838.0,91191,0.9189503350111304
Missouri,2007,3754.0,244331,1.536440320712476
Montana,2007,859.0,36233,2.3707669803770046
Nebraska,2007,900.0,83835,1.0735373054213635
Nevada,2007,794.0,131621,0.6032472021941787
New Hampshire,2007,2146.0,61782,3.47350360946554
New Jersey,2007,19552.0,474868,4.117354717521501
New Mexico,2007,5663.0,80800,7.008663366336634
New York,2007,15939.0,1119382,1.4239106935791355
North Carolina,2007,9204.0,401491,2.292454874455467
North Dakota,2007,327.0,29075,1.124677558039553
Ohio,2007,10041.0,497762,2.0172291175300643
Oklahoma,2007,921.0,145752,0.631895274164334
Oregon,2007,4333.0,159585,2.7151674656139364
Pennsylvania,2007,13510.0,565832,2.387634492216771
Rhode Island,2007,1081.0,47341,2.28343296508312
South Carolina,2007,2291.0,162746,1.4077150897717916
South Dakota,2007,240.0,35073,0.6842870584210076
Tennessee,2007,3659.0,248692,1.4712978302478568
Texas,2007,17853.0,1191093,1.4988754026763653
Utah,2007,2337.0,114813,2.0354837866792086
Vermont,2007,534.0,24798,2.153399467699008
Virginia,2007,9473.0,391700,2.418432473832014
Washington,2007,15061.0,342024,4.403492152597479
West Virginia,2007,650.0,59274,1.096602220197726
Wisconsin,2007,4555.0,245840,1.8528311096648227
Wyoming,2007,129.0,36951,0.34911098481773156
Puerto Rico,2007,,89524,
United States,2008,404777.0,14863501,2.7232951375318644
Alabama,2008,4870.0,174526,2.790415181692126
Alaska,2008,269.0,55123,0.4879995646100539
Arizona,2008,7010.0,262926,2.6661494108608506
Arkansas,2008,747.0,99707,0.7491951417653725
California,2008,81323.0,1944695,4.181786861178746
Colorado,2008,5810.0,258872,2.244352421273834
Connecticut,2008,11322.0,238937,4.7384875511118
Delaware,2008,1594.0,55460,2.87414352686621
District of Columbia,2008,5946.0,99497,5.97605957968582
Florida,2008,6515.0,763342,0.8534837595730353
Georgia,2008,5232.0,416378,1.2565505382128739
Hawaii,2008,663.0,65678,1.0094704467249307
Idaho,2008,1375.0,56201,2.4465756837066954
Illinois,2008,11961.0,654658,1.8270608470376897
Indiana,2008,6111.0,275539,2.217834861852587
Iowa,2008,2136.0,137549,1.5529011479545471
Kansas,2008,2029.0,128604,1.577711424216976
Kentucky,2008,1463.0,159884,0.9150384028420605
Louisiana,2008,1193.0,212392,0.5616972390673849
Maine,2008,516.0,50713,1.0174905842683335
Maryland,2008,16605.0,295400,5.621191604603927
Massachusetts,2008,20090.0,390778,5.141026362794221
Michigan,2008,15507.0,390421,3.9718662674395078
Minnesota,2008,6697.0,267421,2.5042909868708887
Mississippi,2008,808.0,94515,0.8548907580807279
Missouri,2008,3884.0,254046,1.5288569786574087
Montana,2008,401.0,37225,1.0772330423102754
Nebraska,2008,988.0,85628,1.1538281870416218
Nevada,2008,913.0,130610,0.6990276395375545
New Hampshire,2008,2496.0,61700,4.045380875202593
New Jersey,2008,20713.0,496227,4.174097741557795
New Mexico,2008,5906.0,84688,6.973833364821462
New York,2008,16486.0,1116591,1.4764582555295538
North Carolina,2008,8612.0,418793,2.056385851721495
North Dakota,2008,511.0,31874,1.6031875509819917
Ohio,2008,10164.0,496919,2.0454037780805323
Oklahoma,2008,1030.0,160764,0.6406907018984349
Oregon,2008,4802.0,164925,2.9116264968925267
Pennsylvania,2008,13068.0,588025,2.222354491730794
Rhode Island,2008,1233.0,47278,2.6079783408773634
South Carolina,2008,2086.0,163886,1.2728359957531454
South Dakota,2008,254.0,36603,0.6939321913504357
Tennessee,2008,3871.0,254242,1.522565115126533
Texas,2008,20316.0,1244295,1.6327317878798837
Utah,2008,2522.0,117179,2.152262777460125
Vermont,2008,546.0,25999,2.1000807723373973
Virginia,2008,11472.0,404635,2.8351477257281252
Washington,2008,16696.0,354794,4.705829298127927
West Virginia,2008,778.0,62695,1.2409283036924794
Wisconsin,2008,4967.0,246815,2.0124384660575734
Wyoming,2008,154.0,42819,0.35965342488147783
Puerto Rico,2008,,93639,
United States,2009,402932.0,14574453,2.7646457812173124
Alabama,2009,3936.0,170931,2.302683538971866
Alaska,2009,300.0,49958,0.6005044237159214
Arizona,2009,6511.0,246424,2.6421939421484923
Arkansas,2009,986.0,97508,1.0111990811010378
California,2009,79671.0,1890166,4.215026616709855
Colorado,2009,6087.0,251228,2.4228987214800894
Connecticut,2009,11447.0,233291,4.9067473670223025
Delaware,2009,2244.0,57850,3.8789974070872946
District of Columbia,2009,4200.0,100446,4.181351173765008
Florida,2009,7098.0,735421,0.9651614517398879
Georgia,2009,5918.0,409591,1.4448559660734732
Hawaii,2009,671.0,64550,1.0395042602633617
Idaho,2009,1563.0,54064,2.8910180526783074
Illinois,2009,12491.0,649863,1.9220974266883943
Indiana,2009,6457.0,263327,2.452084290634838
Iowa,2009,2608.0,136895,1.9051097556521421
Kansas,2009,2108.0,125349,1.6817046805319549
Kentucky,2009,1552.0,157480,0.9855219710439421
Louisiana,2009,1175.0,204907,0.5734308735182302
Maine,2009,757.0,51124,1.4807135591894218
Maryland,2009,18388.0,299103,6.1477150011868815
Massachusetts,2009,20254.0,390505,5.186617328843421
Michigan,2009,13916.0,368734,3.7739942614459205
Minnesota,2009,7928.0,262089,3.024926647055008
Mississippi,2009,841.0,91792,0.9162018476555691
Missouri,2009,4416.0,253318,1.743263408048382
Montana,2009,363.0,36188,1.0030949486017464
Nebraska,2009,1034.0,86870,1.1902843329112467
Nevada,2009,842.0,122127,0.6894462322009056
New Hampshire,2009,1210.0,62523,1.935287814084417
New Jersey,2009,20222.0,482459,4.191444247075917
New Mexico,2009,5817.0,82462,7.054158278964856
New York,2009,16491.0,1160081,1.421538668420567
North Carolina,2009,8111.0,411156,1.972730545097238
North Dakota,2009,445.0,32226,1.3808725873518277
Ohio,2009,10093.0,482281,2.092763347509025
Oklahoma,2009,1003.0,146633,0.6840206501947037
Oregon,2009,4864.0,159607,3.0474853859793116
Pennsylvania,2009,13479.0,582145,2.315402519990724
Rhode Island,2009,1152.0,47702,2.4149930820510668
South Carolina,2009,2276.0,161814,1.4065532030603038
South Dakota,2009,263.0,36433,0.7218730272006149
Tennessee,2009,3925.0,252333,1.5554842212473199
Texas,2009,20027.0,1169608,1.7122830897189485
Utah,2009,2733.0,113985,2.3976839057770762
Vermont,2009,551.0,26099,2.111191999693475
Virginia,2009,11449.0,410967,2.785868451724834
Washington,2009,19313.0,351245,5.498441258950305
West Virginia,2009,658.0,63601,1.0345749280671688
Wisconsin,2009,4930.0,247210,1.9942558957970955
Wyoming,2009,141.0,36252,0.3889440582588547
Puerto Rico,2009,,96386,
United States,2010,406600.0,15147351,2.684297736284054
Alabama,2010,3748.0,177249,2.114539433226704
Alaska,2010,355.0,53332,0.6656416410410261
Arizona,2010,5481.0,251153,2.182335070654143
Arkansas,2010,596.0,101487,0.5872673347325272
California,2010,81035.0,1954093,4.146936711814638
Colorado,2010,6171.0,258300,2.389082462253194
Connecticut,2010,7458.0,234700,3.177673625905411
Delaware,2010,2329.0,58164,4.004195034729386
District of Columbia,2010,3568.0,106147,3.36137620469726
Florida,2010,8002.0,746929,1.0713200317566998
Georgia,2010,5454.0,418091,1.3045006948248108
Hawaii,2010,691.0,66873,1.033301930525025
Idaho,2010,1783.0,55588,3.207526804346262
Illinois,2010,15822.0,666405,2.374231886015261
Indiana,2010,6340.0,282562,2.243755352807525
Iowa,2010,2766.0,142234,1.9446827059634124
Kansas,2010,2004.0,128591,1.5584294390742741
Kentucky,2010,1499.0,166409,0.9007926253988666
Louisiana,2010,1206.0,225309,0.5352649028667297
Maine,2010,489.0,52256,0.9357777097366811
Maryland,2010,18431.0,314728,5.856167865585522
Massachusetts,2010,20658.0,411136,5.024614726027397
Michigan,2010,14704.0,390043,3.7698407611468476
Minnesota,2010,7394.0,274231,2.6962670157640822
Mississippi,2010,856.0,93943,0.9111908284811003
Missouri,2010,9261.0,259816,3.5644456076608058
Montana,2010,392.0,38336,1.0225375626043407
Nebraska,2010,936.0,91562,1.0222581420239838
Nevada,2010,940.0,124669,0.753996582951656
New Hampshire,2010,2159.0,64844,3.3295293319351056
New Jersey,2010,17880.0,492762,3.6285265503427615
New Mexico,2010,6225.0,84612,7.357112466316834
New York,2010,17243.0,1223530,1.4092829763062613
North Carolina,2010,8765.0,420028,2.0867656441951485
North Dakota,2010,469.0,35676,1.3146092611279292
Ohio,2010,10050.0,500515,2.0079318302148788
Oklahoma,2010,1029.0,154287,0.6669388866203892
Oregon,2010,5264.0,164137,3.207077014932648
Pennsylvania,2010,13079.0,604737,2.1627583561118304
Rhode Island,2010,1439.0,49468,2.9089512412064362
South Carolina,2010,2417.0,165860,1.457253105028337
South Dakota,2010,271.0,37853,0.7159274033762185
Tennessee,2010,3955.0,257776,1.5342778226056732
Texas,2010,19506.0,1245959,1.5655410812073272
Utah,2010,3207.0,118670,2.702452178309598
Vermont,2010,453.0,27407,1.6528624074141642
Virginia,2010,10845.0,426992,2.5398602315734253
Washington,2010,16695.0,365498,4.567740452752136
West Virginia,2010,591.0,65999,0.8954681131532296
Wisconsin,2010,5351.0,256433,2.0867049092745473
Wyoming,2010,108.0,37681,0.2866165972240652
Puerto Rico,2010,,98381,
United States,2011,426215.0,15700083,2.714730871168006
Alabama,2011,4946.0,183917,2.689256566820903
Alaska,2011,381.0,56896,0.6696428571428571
Arizona,2011,6453.0,260916,2.4732097686611785
Arkansas,2011,678.0,105768,0.641025641025641
California,2011,91420.0,2023500,4.517914504571287
Colorado,2011,6862.0,267516,2.56508021950089
Connecticut,2011,8736.0,233159,3.746799394404677
Delaware,2011,2296.0,61372,3.7411197288665843
District of Columbia,2011,3418.0,109730,3.1149184361614872
Florida,2011,9073.0,755240,1.20133997139982
Georgia,2011,5779.0,431654,1.3388037641258972
Hawaii,2011,746.0,69084,1.079844826587922
Idaho,2011,1795.0,56941,3.1523858028485625
Illinois,2011,15974.0,692881,2.305446389784104
Indiana,2011,7579.0,291356,2.6012850258789935
Iowa,2011,3144.0,148478,2.1174854187152303
Kansas,2011,2081.0,136359,1.5261185546975264
Kentucky,2011,1895.0,171587,1.1043960206775572
Louisiana,2011,1523.0,229945,0.6623322968535955
Maine,2011,535.0,52576,1.0175745587340232
Maryland,2011,19219.0,326281,5.890321532666628
Massachusetts,2011,22022.0,425523,5.175278422082942
Michigan,2011,16372.0,404555,4.0469157469318136
Minnesota,2011,7394.0,287039,2.575956577329213
Mississippi,2011,941.0,96218,0.9779874867488412
Missouri,2011,,262067,
Montana,2011,408.0,40995,0.995243322356385
Nebraska,2011,1115.0,99921,1.1158815464216731
Nevada,2011,889.0,127678,0.696282836510597
New Hampshire,2011,2471.0,66153,3.735280334981029
New Jersey,2011,15705.0,495966,3.1665477068992636
New Mexico,2011,6070.0,87063,6.971962831512812
New York,2011,18566.0,1247606,1.4881300667037511
North Carolina,2011,9356.0,431723,2.167130312723668
North Dakota,2011,504.0,41588,1.2118880446282583
Ohio,2011,10359.0,528190,1.961226073950662
Oklahoma,2011,1207.0,166236,0.7260761808513199
Oregon,2011,5515.0,170631,3.232120775240138
Pennsylvania,2011,13651.0,624820,2.184789219295157
Rhode Island,2011,1396.0,50206,2.7805441580687567
South Carolina,2011,2389.0,172075,1.3883481040244081
South Dakota,2011,293.0,41892,0.6994175498901938
Tennessee,2011,4218.0,269814,1.5632991616446885
Texas,2011,20623.0,1341334,1.5374992358353698
Utah,2011,3276.0,125565,2.6090072870624774
Vermont,2011,519.0,28419,1.8262430064393538
Virginia,2011,11166.0,435180,2.565834826968151
Washington,2011,17979.0,379575,4.736613317526181
West Virginia,2011,597.0,69234,0.8622930929889938
Wisconsin,2011,5605.0,266364,2.1042633388896395
Wyoming,2011,115.0,39751,0.2893008980906141
Puerto Rico,2011,188.0,100352,0.18734056122448978
United States,2012,433716.0,16355535,2.651799528416527
Alabama,2012,3924.0,189246,2.073491645794363
Alaska,2012,292.0,58284,0.5009951273076659
Arizona,2012,6510.0,271440,2.3983200707338637
Arkansas,2012,636.0,108492,0.5862183386793497
California,2012,97531.0,2113096,4.615549885097506
Colorado,2012,6455.0,276823,2.331814914223168
Connecticut,2012,8681.0,240912,3.603390449624759
Delaware,2012,2614.0,62355,4.192125731697538
District of Columbia,2012,3133.0,112157,2.7934056724056457
Florida,2012,8289.0,778545,1.0646783422923531
Georgia,2012,5952.0,447765,1.3292687012160398
Hawaii,2012,676.0,71905,0.9401293373200751
Idaho,2012,1850.0,58324,3.171936081201564
Illinois,2012,16736.0,726399,2.3039679294712685
Indiana,2012,7541.0,300514,2.509367284053322
Iowa,2012,2605.0,158538,1.6431391842965093
Kansas,2012,2629.0,141818,1.8537844279287539
Kentucky,2012,1708.0,178144,0.958774923657266
Louisiana,2012,1112.0,235385,0.4724175287295282
Maine,2012,532.0,53680,0.9910581222056631
Maryland,2012,18354.0,332524,5.519601592666996
Massachusetts,2012,24129.0,442917,5.447747546380022
Michigan,2012,17844.0,422691,4.221523524276599
Minnesota,2012,7381.0,298328,2.474122442412378
Mississippi,2012,1143.0,100448,1.1379021981522777
Missouri,2012,8235.0,271535,3.032758207965824
Montana,2012,366.0,42341,0.8644103823716964
Nebraska,2012,1105.0,102726,1.0756770437863832
Nevada,2012,845.0,129313,0.6534532490932853
New Hampshire,2012,2345.0,68498,3.423457619200561
New Jersey,2012,17630.0,517196,3.4087657290466282
New Mexico,2012,5905.0,87925,6.715951094682969
New York,2012,18249.0,1328234,1.373929593731225
North Carolina,2012,9382.0,445095,2.107864613172469
North Dakota,2012,480.0,51833,0.9260509713888835
Ohio,2012,10928.0,545740,2.002418734195771
Oklahoma,2012,1044.0,174874,0.5970012694854582
Oregon,2012,6031.0,174611,3.453963381459358
Pennsylvania,2012,13210.0,647926,2.0388130743325625
Rhode Island,2012,1291.0,51583,2.50276253804548
South Carolina,2012,2660.0,177618,1.4975959643729801
South Dakota,2012,266.0,43902,0.6058949478383673
Tennessee,2012,4328.0,286342,1.5114792800217922
Texas,2012,20673.0,1421180,1.4546362881549135
Utah,2012,2912.0,129513,2.2484229382378604
Vermont,2012,592.0,29241,2.0245545637974076
Virginia,2012,10101.0,445974,2.2649302425701947
Washington,2012,17678.0,400531,4.413640891716247
West Virginia,2012,627.0,70322,0.8916128665282557
Wisconsin,2012,5698.0,277107,2.0562454214437023
Wyoming,2012,106.0,38855,0.27280916226997814
Puerto Rico,2012,164.0,101565,0.16147294835819426
United States,2013,454271.0,16945646,2.6807535103707467
Alabama,2013,3920.0,194787,2.0124546299291017
Alaska,2013,318.0,57248,0.5554779206260481
Arizona,2013,6712.0,278592,2.40925798300023
Arkansas,2013,611.0,113227,0.539623941286089
California,2013,104676.0,2220390,4.71430694607704
Colorado,2013,6740.0,292141,2.3071051307416623
Connecticut,2013,9124.0,241517,3.7777878989884774
Delaware,2013,2521.0,61716,4.084840235919373
District of Columbia,2013,4189.0,114540,3.6572376462371223
Florida,2013,8856.0,811752,1.0909735978476185
Georgia,2013,6191.0,464753,1.3321054409546575
Hawaii,2013,659.0,74555,0.8839112064918516
Idaho,2013,1928.0,61836,3.117924833430364
Illinois,2013,16932.0,741122,2.2846440936849803
Indiana,2013,7958.0,312139,2.5495051883936326
Iowa,2013,2875.0,162200,1.7725030826140569
Kansas,2013,2513.0,144483,1.7393049701348948
Kentucky,2013,1852.0,184524,1.0036634800893107
Louisiana,2013,1075.0,230833,0.46570464361681385
Maine,2013,554.0,54470,1.0170736185055995
Maryland,2013,19105.0,340578,5.60958135874895
Massachusetts,2013,24128.0,454321,5.310782464380911
Michigan,2013,18805.0,437274,4.3005072334508805
Minnesota,2013,7845.0,311126,2.5214864717188537
Mississippi,2013,1063.0,102371,1.0383800099637592
Missouri,2013,8365.0,280571,2.981420032718991
Montana,2013,335.0,43688,0.7668009522065555
Nebraska,2013,1108.0,107261,1.0329942849684415
Nevada,2013,761.0,132086,0.576139787714065
New Hampshire,2013,2426.0,70476,3.4423066008286507
New Jersey,2013,15877.0,534178,2.9722302303726473
New Mexico,2013,5803.0,88757,6.53807587007222
New York,2013,18619.0,1365529,1.3635008850050054
North Carolina,2013,11318.0,462269,2.4483579906937303
North Dakota,2013,489.0,54271,0.901033701240073
Ohio,2013,11164.0,566532,1.970585951014241
Oklahoma,2013,1016.0,182695,0.556118120364542
Oregon,2013,6483.0,179528,3.611135867385589
Pennsylvania,2013,14743.0,668569,2.2051575828373733
Rhode Island,2013,1328.0,53034,2.5040540030923557
South Carolina,2013,1949.0,185009,1.0534622639979678
South Dakota,2013,308.0,45361,0.678997376601045
Tennessee,2013,4146.0,295863,1.401324261567009
Texas,2013,21690.0,1515196,1.431497971219565
Utah,2013,3825.0,135450,2.823920265780731
Vermont,2013,533.0,29290,1.8197336975076819
Virginia,2013,9430.0,457641,2.060567125760148
Washington,2013,18005.0,419092,4.296192721407232
West Virginia,2013,616.0,71482,0.8617554069555972
Wisconsin,2013,5718.0,284271,2.011460894709626
Wyoming,2013,107.0,39290,0.2723339272079409
Puerto Rico,2013,168.0,102450,0.16398243045387995
United States,2014,475969.0,17653133,2.6962296154455982
Alabama,2014,4616.0,197407,2.3383162704463367
Alaska,2014,289.0,56485,0.5116402584757015
Arizona,2014,6936.0,287667,2.4111211922118283
Arkansas,2014,636.0,116139,0.5476196626456229
California,2014,114845.0,2335287,4.917810958567405
Colorado,2014,6775.0,309543,2.188710453798018
Connecticut,2014,10219.0,246597,4.144008240165128
Delaware,2014,2732.0,68355,3.9967815083022455
District of Columbia,2014,3935.0,119415,3.2952309173889374
Florida,2014,9009.0,851692,1.0577767549771513
Georgia,2014,6881.0,490079,1.4040593455340873
Hawaii,2014,639.0,76773,0.8323238638583876
Idaho,2014,2130.0,64575,3.2984901277584204
Illinois,2014,15964.0,771356,2.069602103308978
Indiana,2014,7343.0,327958,2.239006214210356
Iowa,2014,3003.0,173096,1.7348754448398576
Kansas,2014,2510.0,150184,1.671283225909551
Kentucky,2014,1717.0,187984,0.9133756064345901
Louisiana,2014,1120.0,240737,0.46523799831351226
Maine,2014,596.0,56411,1.0565315275389553
Maryland,2014,20211.0,352761,5.729374845858811
Massachusetts,2014,27945.0,470469,5.939817501259382
Michigan,2014,19764.0,451773,4.374763432077614
Minnesota,2014,8244.0,324751,2.5385603123623945
Mississippi,2014,1125.0,104300,1.0786193672099713
Missouri,2014,7957.0,287508,2.767575163125896
Montana,2014,464.0,45177,1.0270712973415677
Nebraska,2014,1094.0,111946,0.9772568917156487
Nevada,2014,817.0,136009,0.6006955422067657
New Hampshire,2014,2424.0,72995,3.3207753955750396
New Jersey,2014,15370.0,542843,2.8313895546226076
New Mexico,2014,5816.0,92186,6.308984010587292
New York,2014,20820.0,1430923,1.4550049164071024
North Carolina,2014,11343.0,483191,2.3475188900455515
North Dakota,2014,523.0,59926,0.8727430497613724
Ohio,2014,12005.0,595641,2.0154757647643464
Oklahoma,2014,1113.0,196632,0.5660319785182473
Oregon,2014,7279.0,188121,3.8693181516151838
Pennsylvania,2014,14898.0,694143,2.1462436414398764
Rhode Island,2014,1298.0,54560,2.379032258064516
South Carolina,2014,2034.0,194353,1.0465493200516585
South Dakota,2014,271.0,46785,0.579245484663888
Tennessee,2014,4245.0,306153,1.3865616211502092
Texas,2014,22467.0,1579300,1.4225922877224086
Utah,2014,3669.0,142150,2.5810763278227227
Vermont,2014,422.0,30099,1.4020399348815575
Virginia,2014,10489.0,465182,2.2548163944434654
Washington,2014,18987.0,440648,4.308881465478114
West Virginia,2014,604.0,72648,0.8314062327937453
Wisconsin,2014,5789.0,295696,1.957753909420486
Wyoming,2014,123.0,40311,0.3051276326560988
Puerto Rico,2014,127.0,102446,0.12396774886281553
United States,2015,494499.0,18309399,2.7007931827800573
Alabama,2015,4195.0,202372,2.0729152254264425
Alaska,2015,333.0,51491,0.6467149598959041
Arizona,2015,7011.0,299393,2.341738116789638
Arkansas,2015,624.0,117787,0.529769838776775
California,2015,125056.0,2473556,5.055717355903808
Colorado,2015,6697.0,320721,2.0881077322657386
Connecticut,2015,9918.0,259488,3.822142064372919
Delaware,2015,2887.0,71914,4.0145173401562975
District of Columbia,2015,3567.0,124605,2.8626459612375106
Florida,2015,9456.0,908520,1.0408136309602432
Georgia,2015,6877.0,521008,1.3199413444707182
Hawaii,2015,609.0,81230,0.749723008740613
Idaho,2015,2226.0,65900,3.377845220030349
Illinois,2015,16502.0,799931,2.0629279275337495
Indiana,2015,7663.0,331946,2.308508010339031
Iowa,2015,3407.0,180299,1.889638877642139
Kansas,2015,2716.0,154958,1.7527329986189804
Kentucky,2015,1853.0,193413,0.958053491750813
Louisiana,2015,1124.0,235114,0.47806595949199115
Maine,2015,508.0,58131,0.8738882868005023
Maryland,2015,20385.0,369728,5.513512636316427
Massachusetts,2015,28665.0,498851,5.74620477858118
Michigan,2015,19891.0,474983,4.187728823978963
Minnesota,2015,8053.0,335530,2.400083450064078
Mississippi,2015,943.0,105915,0.8903365906623236
Missouri,2015,7426.0,296929,2.500934566849314
Montana,2015,459.0,46604,0.9848940005149772
Nebraska,2015,1087.0,116515,0.9329270909324979
Nevada,2015,566.0,145116,0.3900328013451308
New Hampshire,2015,2333.0,76478,3.050550485106828
New Jersey,2015,15865.0,563234,2.816768874038144
New Mexico,2015,6078.0,90274,6.732835589427742
New York,2015,22401.0,1487628,1.5058200033879439
North Carolina,2015,11823.0,508929,2.3231138331672985
North Dakota,2015,460.0,55997,0.8214725788881547
Ohio,2015,12233.0,611020,2.0020621256260025
Oklahoma,2015,1311.0,186816,0.7017600205549845
Oregon,2015,7208.0,200660,3.5921459184690523
Pennsylvania,2015,14839.0,714203,2.0777005977292173
Rhode Island,2015,1427.0,56391,2.530545654448405
South Carolina,2015,2257.0,205817,1.0966052366908468
South Dakota,2015,271.0,48070,0.5637611816101519
Tennessee,2015,4369.0,325294,1.3430927099792802
Texas,2015,23668.0,1573498,1.5041646065009298
Utah,2015,4174.0,149153,2.79846868651653
Vermont,2015,374.0,30933,1.2090647528529401
Virginia,2015,10107.0,483787,2.0891425358680578
Washington,2015,20038.0,466690,4.293642460734106
West Virginia,2015,546.0,71319,0.7655743911159719
Wisconsin,2015,6132.0,307508,1.9940944625830872
Wyoming,2015,253.0,38427,0.6583912353293258
Puerto Rico,2015,137.0,103376,0.1325259247794459
United States,2016,521700.0,18799443,2.7750822191912814
Alabama,2016,5052.0,207368,2.436248601520003
Alaska,2016,303.0,50728,0.5973032644693266
Arizona,2016,8040.0,313081,2.5680255269403127
Arkansas,2016,701.0,119152,0.5883241573788103
California,2016,135129.0,2569634,5.2586866456468115
Colorado,2016,6874.0,329912,2.083585925943888
Connecticut,2016,9295.0,263670,3.525239883187317
Delaware,2016,2285.0,69355,3.2946435008290678
District of Columbia,2016,3516.0,129649,2.711937616179068
Florida,2016,9781.0,953353,1.0259578561141571
Georgia,2016,7659.0,547547,1.3987840313251647
Hawaii,2016,553.0,83914,0.6590080320327955
Idaho,2016,2304.0,68837,3.347037203829336
Illinois,2016,17495.0,807043,2.167790316005467
Indiana,2016,7442.0,340501,2.185602979139562
Iowa,2016,3787.0,181011,2.0921380468590307
Kansas,2016,2790.0,160451,1.7388486204511036
Kentucky,2016,1650.0,196485,0.8397587602107031
Louisiana,2016,1025.0,227091,0.45136090818218244
Maine,2016,483.0,60254,0.8016065323464003
Maryland,2016,21730.0,387733,5.604372080787552
Massachusetts,2016,28941.0,514638,5.623564524967064
Michigan,2016,21803.0,490264,4.44719579655043
Minnesota,2016,8370.0,344061,2.432708153496037
Mississippi,2016,920.0,107291,0.8574810561929704
Missouri,2016,7204.0,300915,2.394031537145041
Montana,2016,394.0,45491,0.866105383482447
Nebraska,2016,1129.0,118146,0.9555973118006534
Nevada,2016,789.0,151840,0.5196259220231824
New Hampshire,2016,2344.0,79090,2.963712226577317
New Jersey,2016,17564.0,575501,3.0519495187671266
New Mexico,2016,6306.0,89769,7.024696721585403
New York,2016,23212.0,1551354,1.4962413478806256
North Carolina,2016,13415.0,526030,2.5502347774841736
North Dakota,2016,515.0,51989,0.9905941641501086
Ohio,2016,11991.0,623265,1.9239007484777744
Oklahoma,2016,1371.0,181244,0.7564388338372581
Oregon,2016,7382.0,211306,3.4935117791260066
Pennsylvania,2016,17420.0,726562,2.3975930478059686
Rhode Island,2016,1641.0,57354,2.8611779474840464
South Carolina,2016,2276.0,215120,1.0580141316474527
South Dakota,2016,289.0,49151,0.5879839677727818
Tennessee,2016,4545.0,336414,1.3510139292657262
Texas,2016,23431.0,1579015,1.4838997729597247
Utah,2016,4157.0,157827,2.6338966083116326
Vermont,2016,376.0,31661,1.1875809355358327
Virginia,2016,9333.0,496021,1.881573562409656
Washington,2016,22902.0,487275,4.700015391719255
West Virginia,2016,450.0,70924,0.6344819807117478
Wisconsin,2016,6517.0,314073,2.0749953036395996
Wyoming,2016,292.0,35879,0.8138465397586331
Puerto Rico,2016,127.0,104337,0.12172096188312871
United States,2017,554012.0,19583069,2.8290356327703283
Alabama,2017,5879.0,215086,2.7333252745413463
Alaska,2017,1146.0,53089,2.1586392661379947
Arizona,2017,7826.0,330416,2.3685293690378186
Arkansas,2017,812.0,122350,0.6636697997548018
California,2017,150552.0,2730974,5.51275845174652
Colorado,2017,7159.0,348898,2.0518890907944445
Connecticut,2017,10018.0,271583,3.688743404410438
Delaware,2017,2265.0,68764,3.29387470187889
District of Columbia,2017,4557.0,133391,3.4162724621601157
Florida,2017,10156.0,1002568,1.0129986195450085
Georgia,2017,9056.0,574404,1.576590692265374
Hawaii,2017,558.0,87178,0.6400697423661933
Idaho,2017,2442.0,71688,3.4064278540341477
Illinois,2017,18120.0,827075,2.190853308345676
Indiana,2017,7814.0,353150,2.2126575109726745
Iowa,2017,3900.0,183550,2.1247616453282485
Kansas,2017,2819.0,164923,1.7092825136578889
Kentucky,2017,1596.0,201555,0.7918434174294858
Louisiana,2017,1058.0,241704,0.4377254824082349
Maine,2017,520.0,62413,0.8331597583836701
Maryland,2017,20859.0,400406,5.209462395668397
Massachusetts,2017,31299.0,532354,5.879358471994199
Michigan,2017,23855.0,501752,4.754340789872288
Minnesota,2017,8470.0,354684,2.388041185957077
Mississippi,2017,991.0,109963,0.9012122259305403
Missouri,2017,6518.0,308722,2.1112845861325074
Montana,2017,414.0,48440,0.8546655656482246
Nebraska,2017,1150.0,121946,0.943040362127499
Nevada,2017,846.0,160785,0.5261684858662188
New Hampshire,2017,1845.0,80666,2.287208985198225
New Jersey,2017,18495.0,586375,3.154124920059689
New Mexico,2017,6595.0,92311,7.144327328270737
New York,2017,23631.0,1603903,1.4733434627904556
North Carolina,2017,13799.0,549671,2.5104107729896614
North Dakota,2017,592.0,55228,1.0719200405591367
Ohio,2017,13056.0,641746,2.0344497667301393
Oklahoma,2017,1531.0,190675,0.8029369345745379
Oregon,2017,8579.0,222614,3.8537558284744
Pennsylvania,2017,15998.0,745011,2.1473508444841753
Rhode Island,2017,1410.0,57941,2.4335099497764965
South Carolina,2017,2360.0,223045,1.058082449729875
South Dakota,2017,343.0,50299,0.6819221058072725
Tennessee,2017,4521.0,349838,1.292312441758757
Texas,2017,27113.0,1677111,1.616649106707904
Utah,2017,3664.0,168058,2.1801996929631438
Vermont,2017,381.0,32247,1.181505256302912
Virginia,2017,8897.0,509893,1.7448758857250442
Washington,2017,24958.0,519943,4.800141553978032
West Virginia,2017,492.0,74800,0.6577540106951871
Wisconsin,2017,7020.0,318364,2.205023181012929
Wyoming,2017,219.0,36864,0.5940755208333333
Puerto Rico,2017,558.0,103446,0.5394118670610754
United States,2018,604837.0,20628117,2.9320999100402623
Alabama,2018,4876.0,224047,2.1763290738104057
Alaska,2018,297.0,54712,0.5428425208363795
Arizona,2018,7773.0,349908,2.2214410645083853
Arkansas,2018,852.0,127307,0.6692483524079587
California,2018,164398.0,2895101,5.678489282411909
Colorado,2018,7712.0,371425,2.076327656996702
Connecticut,2018,8851.0,280692,3.1532783264218436
Delaware,2018,2594.0,72488,3.578523341794504
District of Columbia,2018,5632.0,139785,4.029044604213613
Florida,2018,10516.0,1057862,0.9940805133372784
Georgia,2018,7817.0,602340,1.2977720224457947
Hawaii,2018,633.0,90276,0.7011830386813771
Idaho,2018,3172.0,77494,4.093220120267375
Illinois,2018,17119.0,867536,1.9732898692388559
Indiana,2018,8595.0,373518,2.301093923184425
Iowa,2018,4324.0,190403,2.2709726212297077
Kansas,2018,3261.0,172328,1.8923216192377326
Kentucky,2018,2044.0,208250,0.9815126050420169
Louisiana,2018,1237.0,255810,0.4835620186857433
Maine,2018,527.0,65492,0.8046784340072071
Maryland,2018,23112.0,411100,5.621989783507662
Massachusetts,2018,35335.0,564047,6.2645488762461286
Michigan,2018,25438.0,520803,4.884380466318358
Minnesota,2018,8744.0,373420,2.341599271597665
Mississippi,2018,1171.0,112407,1.0417500689458843
Missouri,2018,8491.0,319394,2.6584719813146145
Montana,2018,462.0,50904,0.9075907590759077
Nebraska,2018,1148.0,126923,0.9044853966578161
Nevada,2018,1241.0,170353,0.7284873175112854
New Hampshire,2018,3089.0,83844,3.684223080959878
New Jersey,2018,22873.0,613509,3.7282256658011534
New Mexico,2018,7026.0,97269,7.223267433611942
New York,2018,25822.0,1694958,1.523459578349434
North Carolina,2018,15437.0,569982,2.708331140281623
North Dakota,2018,600.0,59093,1.0153486876618212
Ohio,2018,14273.0,666974,2.139963476837178
Oklahoma,2018,1664.0,202467,0.8218623281818765
Oregon,2018,9688.0,237066,4.086625665426506
Pennsylvania,2018,17481.0,772611,2.2625875116973484
Rhode Island,2018,1412.0,59129,2.3879991205668962
South Carolina,2018,2750.0,233665,1.1768985513448742
South Dakota,2018,344.0,52404,0.6564384398137547
Tennessee,2018,4816.0,361382,1.3326618370588463
Texas,2018,27214.0,1809706,1.5037801720279427
Utah,2018,4026.0,182644,2.2042881233437726
Vermont,2018,438.0,33033,1.325946780492235
Virginia,2018,11084.0,531757,2.084410736483018
Washington,2018,33816.0,564481,5.9906356458410475
West Virginia,2018,605.0,79045,0.7653868049845025
Wisconsin,2018,7597.0,332264,2.286434883105001
Wyoming,2018,157.0,39032,0.4022340643574503
Puerto Rico,2018,604.0,100958,0.5982685869371421
United States,2019,666875.0,21477708,3.104963527765626
Alabama,2019,5148.0,231172,2.226913293997543
Alaska,2019,354.0,54547,0.6489816121876547
Arizona,2019,8076.0,369988,2.182773495356606
Arkansas,2019,860.0,130840,0.6572913482115561
California,2019,193095.0,3052645,6.3254980516896
Colorado,2019,9842.0,392218,2.5093187971995166
Connecticut,2019,8885.0,288109,3.083902273098029
Delaware,2019,2397.0,77042,3.11128994574388
District of Columbia,2019,5968.0,144406,4.132792266249325
Florida,2019,11296.0,1116435,1.0117919986385235
Georgia,2019,7823.0,637799,1.2265619732862547
Hawaii,2019,647.0,91781,0.7049389307155075
Idaho,2019,3391.0,82420,4.114292647415676
Illinois,2019,18254.0,890486,2.0498918568062834
Indiana,2019,9765.0,381020,2.562857592777282
Iowa,2019,4075.0,194323,2.0970240270065816
Kansas,2019,3518.0,176739,1.9905057740510017
Kentucky,2019,2103.0,216102,0.9731515673154344
Louisiana,2019,1554.0,254562,0.6104603200791948
Maine,2019,685.0,68453,1.0006866024863776
Maryland,2019,22692.0,421610,5.382225279286544
Massachusetts,2019,39315.0,593257,6.626976167158584
Michigan,2019,24502.0,531435,4.610535625241092
Minnesota,2019,9436.0,383040,2.463450292397661
Mississippi,2019,1120.0,114734,0.9761709693726358
Missouri,2019,7856.0,332273,2.3643209047981633
Montana,2019,543.0,51789,1.0484851995597522
Nebraska,2019,1421.0,131352,1.0818259333698763
Nevada,2019,1342.0,181743,0.7384053306042049
New Hampshire,2019,3063.0,87508,3.5002514055857747
New Jersey,2019,23386.0,639437,3.657279763291771
New Mexico,2019,7614.0,101972,7.466755579963127
New York,2019,28717.0,1777752,1.6153546726427535
North Carolina,2019,17159.0,595655,2.880694361669087
North Dakota,2019,643.0,59005,1.0897381577832388
Ohio,2019,15687.0,693199,2.2629865305633734
Oklahoma,2019,1845.0,203700,0.9057437407952873
Oregon,2019,8871.0,246647,3.5966381103358236
Pennsylvania,2019,20788.0,799686,2.599520311722351
Rhode Island,2019,1473.0,61319,2.402191816565828
South Carolina,2019,2894.0,244662,1.1828563487586958
South Dakota,2019,347.0,53940,0.6433073785687802
Tennessee,2019,5920.0,376917,1.5706375674220052
Texas,2019,30921.0,1863954,1.6588928696738225
Utah,2019,3962.0,195088,2.030878372836874
Vermont,2019,392.0,34128,1.1486169714017815
Virginia,2019,11693.0,554306,2.1094846528812603
Washington,2019,41085.0,597874,6.871849252518089
West Virginia,2019,521.0,79140,0.658327015415719
Wisconsin,2019,8269.0,344725,2.3987236202770323
Wyoming,2019,792.0,39601,1.9999494962248425
Puerto Rico,2019,666.0,105126,0.633525483705268
